ID,Gender,Ever_Married,Age,Graduated,Profession,Work_Experience,Spending_Score,Family_Size,Var_1
458989,0,1,36,1,Engineer,0.0,0,1.0,6
458994,1,1,37,1,Healthcare,8.0,1,4.0,6
458996,0,1,69,0,,0.0,0,1.0,6
459000,1,1,59,0,Executive,11.0,2,2.0,6
459001,0,0,19,0,Marketing,,0,4.0,6
459003,1,1,47,1,Doctor,0.0,2,5.0,4
459005,1,1,61,1,Doctor,5.0,0,3.0,6
459008,0,1,47,1,Artist,1.0,1,3.0,6
459013,1,1,50,1,Artist,2.0,1,4.0,6
459014,1,0,19,0,Healthcare,0.0,0,4.0,6
459015,1,0,22,0,Healthcare,0.0,0,3.0,6
459016,0,0,22,0,Healthcare,0.0,0,6.0,6
459024,1,1,50,1,Artist,1.0,1,5.0,6
459026,1,0,27,0,Healthcare,8.0,0,3.0,3
459032,1,0,18,0,Doctor,0.0,0,3.0,6
459033,0,1,61,1,Artist,0.0,0,1.0,6
459036,0,1,20,1,Lawyer,1.0,1,3.0,3
459039,1,1,45,1,Artist,1.0,1,2.0,6
459041,1,1,55,1,Artist,8.0,0,1.0,6
459045,0,1,88,1,Lawyer,1.0,1,4.0,6
459056,1,1,63,0,Executive,,2,3.0,6
459057,1,1,69,0,Lawyer,,2,,6
459058,1,0,42,1,Artist,0.0,0,4.0,3
459059,1,1,79,0,Executive,,2,2.0,6
459061,0,1,35,1,Healthcare,9.0,2,3.0,6
459064,1,1,27,0,Executive,5.0,2,4.0,6
459065,1,1,52,1,Engineer,,0,2.0,6
459074,0,0,29,1,Healthcare,0.0,0,4.0,4
459077,0,1,79,0,Lawyer,1.0,2,2.0,6
459079,1,1,87,1,Lawyer,,2,2.0,6
459080,1,1,89,0,Lawyer,1.0,0,2.0,6
459083,1,1,63,1,Artist,9.0,1,3.0,
459090,1,0,31,0,Artist,1.0,0,2.0,6
459091,1,1,72,1,Artist,1.0,1,6.0,1
459093,0,1,41,1,Doctor,9.0,1,2.0,
459100,0,0,61,1,Artist,11.0,0,1.0,6
459106,1,1,62,1,Artist,0.0,0,2.0,6
459114,1,1,56,1,Artist,1.0,1,2.0,6
459116,1,1,60,1,Artist,2.0,1,5.0,6
459117,1,1,68,1,Artist,0.0,2,2.0,6
459118,1,0,19,0,Healthcare,,0,8.0,6
459119,1,1,57,1,Executive,8.0,2,3.0,6
459120,1,0,19,0,Healthcare,5.0,0,5.0,2
459121,0,1,51,1,Artist,3.0,1,6.0,6
459123,0,1,86,0,Artist,1.0,2,2.0,6
459130,0,1,74,0,Lawyer,1.0,2,2.0,6
459132,1,0,23,0,Entertainment,6.0,0,2.0,6
459136,1,1,47,1,Artist,0.0,1,2.0,6
459140,0,0,19,0,Healthcare,7.0,0,6.0,6
459143,1,1,50,0,Artist,0.0,2,4.0,6
459144,1,1,80,1,Lawyer,,2,2.0,6
459145,1,1,78,0,Lawyer,,0,1.0,2
459150,0,0,48,1,Doctor,0.0,0,1.0,6
459160,1,1,70,1,Doctor,1.0,1,2.0,6
459161,1,1,50,1,Executive,3.0,2,5.0,6
459162,0,1,83,1,Lawyer,0.0,2,2.0,6
459163,1,0,35,1,Entertainment,0.0,0,1.0,6
459167,0,0,36,1,Artist,0.0,0,2.0,5
459170,0,0,35,1,Artist,1.0,0,1.0,6
459171,1,1,35,1,Artist,0.0,1,2.0,6
459172,1,0,18,0,Healthcare,3.0,0,3.0,2
459175,0,1,73,1,Artist,1.0,1,2.0,6
459181,1,1,62,0,Artist,1.0,2,3.0,6
459182,0,1,46,1,Artist,1.0,1,2.0,6
459184,1,1,43,1,Entertainment,0.0,0,4.0,4
459185,0,0,32,1,Entertainment,7.0,0,1.0,6
459193,1,0,39,1,Artist,0.0,0,1.0,6
459194,0,1,89,1,Lawyer,0.0,2,2.0,6
459196,0,0,18,0,Healthcare,0.0,0,3.0,4
459208,0,1,57,1,Artist,0.0,2,2.0,3
459209,0,0,18,0,Entertainment,0.0,0,4.0,6
459210,0,1,71,1,Artist,1.0,2,2.0,6
459212,0,1,69,1,Artist,0.0,1,2.0,6
459213,0,0,42,1,Healthcare,0.0,0,4.0,6
459216,0,0,36,1,Artist,0.0,0,2.0,6
459220,0,1,80,1,Lawyer,1.0,2,2.0,6
459221,1,1,69,0,Entertainment,,0,1.0,6
459222,0,1,67,1,Artist,0.0,1,3.0,6
459223,0,1,47,1,Doctor,1.0,1,4.0,6
459224,0,1,49,1,Artist,0.0,1,2.0,6
459227,0,1,32,0,Engineer,9.0,0,4.0,6
459229,0,1,65,1,Lawyer,1.0,1,4.0,6
459236,0,1,78,0,Lawyer,0.0,2,2.0,6
459237,1,0,33,1,Artist,1.0,0,6.0,6
459244,1,1,48,1,Artist,1.0,0,1.0,6
459247,1,1,58,1,Executive,1.0,1,5.0,6
459258,0,1,83,1,Lawyer,1.0,2,,6
459263,0,0,30,0,Healthcare,9.0,0,4.0,6
459264,0,0,35,1,Artist,0.0,0,2.0,6
459266,1,0,32,1,Healthcare,6.0,0,5.0,6
459270,1,1,69,1,Homemaker,1.0,2,2.0,6
459284,0,1,71,1,Lawyer,1.0,2,2.0,6
459287,1,0,43,1,Lawyer,0.0,0,1.0,4
459288,1,1,37,1,Artist,0.0,0,2.0,6
459289,1,0,42,1,Doctor,0.0,0,1.0,6
459290,0,1,70,1,Doctor,1.0,1,2.0,6
459292,1,0,46,1,Artist,0.0,0,2.0,6
459293,1,0,21,0,Healthcare,,0,,1
459296,1,1,70,1,Artist,0.0,1,2.0,6
459300,0,1,61,1,Artist,1.0,0,,6
459307,1,1,60,1,Entertainment,1.0,0,1.0,6
459310,1,0,37,1,Entertainment,0.0,0,2.0,2
459316,1,1,30,1,Healthcare,1.0,0,2.0,6
459318,0,0,32,1,Engineer,1.0,0,3.0,6
459320,1,1,26,1,Executive,0.0,0,3.0,6
459322,1,0,42,1,Marketing,0.0,0,1.0,6
459323,0,0,18,0,Doctor,,0,,6
459338,1,1,80,0,Executive,,0,,6
459339,1,1,29,1,Healthcare,8.0,2,2.0,6
459344,0,1,88,1,Artist,1.0,2,2.0,6
459347,1,1,70,1,Lawyer,1.0,0,1.0,6
459349,0,1,50,1,Artist,1.0,2,4.0,6
459352,1,1,43,1,Doctor,4.0,1,4.0,3
459353,1,1,51,1,Artist,6.0,1,2.0,6
459354,0,1,50,1,Artist,,2,3.0,6
459355,0,1,74,0,Homemaker,,0,1.0,6
459360,0,0,29,1,Healthcare,,0,3.0,6
459361,0,0,32,1,Engineer,,0,2.0,6
459362,1,1,60,0,Executive,0.0,0,2.0,6
459363,1,0,46,1,Artist,2.0,0,1.0,6
459364,0,1,81,1,Marketing,0.0,0,2.0,6
459369,1,1,41,0,Engineer,,1,7.0,4
459375,1,1,22,0,Executive,0.0,2,4.0,6
459377,1,1,37,1,Artist,0.0,1,3.0,6
459383,1,1,43,0,Engineer,0.0,0,1.0,6
459384,1,1,50,1,Artist,1.0,1,3.0,6
459385,0,1,35,1,Artist,1.0,1,2.0,7
459386,1,1,65,0,Lawyer,1.0,2,2.0,6
459391,0,0,41,1,Engineer,0.0,0,4.0,6
459394,1,0,28,0,Entertainment,8.0,0,2.0,6
459397,1,1,55,1,Artist,4.0,1,2.0,6
459398,0,1,58,0,Lawyer,,2,2.0,6
459401,1,0,28,0,Healthcare,1.0,0,3.0,
459403,1,1,48,1,Artist,,1,4.0,7
459405,0,1,78,0,Doctor,1.0,2,2.0,6
459407,0,0,35,1,Doctor,1.0,0,3.0,6
459409,0,1,76,1,Lawyer,0.0,2,2.0,6
459410,0,1,88,1,Lawyer,1.0,2,2.0,6
459412,1,1,61,1,,1.0,1,3.0,6
459413,0,1,79,1,Artist,,2,2.0,6
459415,1,0,30,0,Doctor,0.0,0,4.0,6
459418,1,1,69,0,Executive,0.0,2,2.0,6
459419,1,1,65,1,Doctor,1.0,1,2.0,6
459420,0,1,70,1,Lawyer,1.0,0,2.0,6
459421,1,1,32,0,Healthcare,0.0,1,4.0,6
459422,1,1,46,1,Entertainment,,0,4.0,6
459423,1,0,21,0,Healthcare,8.0,0,5.0,6
459424,1,1,47,1,Doctor,,0,3.0,6
459428,0,0,39,0,Marketing,0.0,0,2.0,4
459432,1,1,85,1,Lawyer,0.0,0,3.0,6
459436,0,0,66,1,Artist,0.0,0,2.0,6
459439,0,1,50,1,Artist,1.0,1,2.0,6
459445,0,1,42,1,Artist,0.0,1,3.0,6
459447,1,1,53,1,Artist,9.0,0,1.0,6
459449,1,1,37,1,Artist,,0,2.0,6
459451,0,1,45,1,Artist,1.0,0,2.0,6
459456,0,0,66,0,Lawyer,,0,1.0,6
459458,1,0,33,0,Marketing,,0,,6
459459,1,1,40,1,Artist,4.0,0,1.0,6
459461,0,1,35,1,Artist,1.0,0,1.0,1
459464,1,0,27,1,Artist,,0,2.0,6
459466,0,1,48,1,Artist,0.0,1,3.0,4
459467,0,1,56,1,Artist,0.0,1,2.0,6
459469,1,1,25,1,Healthcare,,0,6.0,6
459471,0,0,30,0,Artist,,0,8.0,6
459480,0,1,46,1,Entertainment,7.0,0,3.0,6
459481,1,1,49,0,Lawyer,0.0,0,2.0,6
459482,1,1,72,0,Marketing,1.0,0,4.0,6
459485,0,1,79,1,Lawyer,,2,2.0,6
459496,0,0,35,1,Artist,,0,3.0,6
459497,0,1,77,1,Lawyer,0.0,0,1.0,6
459499,0,1,79,0,Lawyer,,2,2.0,6
459503,1,1,42,1,Healthcare,6.0,2,4.0,6
459505,0,0,42,1,Engineer,,0,1.0,6
459507,1,1,67,0,Lawyer,,2,2.0,1
459509,1,0,26,1,Healthcare,1.0,0,1.0,6
459512,1,1,67,1,Lawyer,1.0,2,2.0,6
459515,1,1,55,1,Engineer,1.0,0,1.0,6
459516,0,,56,1,Artist,,1,2.0,6
459518,1,1,63,,,,1,4.0,6
459535,1,1,46,1,Artist,8.0,1,2.0,6
459536,1,1,32,1,Healthcare,7.0,0,2.0,6
459538,0,0,49,1,Homemaker,13.0,0,1.0,6
459541,1,1,59,1,Artist,1.0,2,2.0,6
459549,1,0,22,0,Healthcare,8.0,0,5.0,4
459555,0,0,28,1,Artist,8.0,0,1.0,6
459558,1,0,28,1,Entertainment,1.0,0,3.0,6
459564,1,1,75,1,Lawyer,2.0,0,1.0,6
459566,0,1,37,1,Artist,13.0,0,2.0,6
459567,1,1,50,1,Doctor,0.0,1,2.0,6
459571,0,1,50,1,Executive,1.0,2,4.0,6
459576,0,1,88,0,Lawyer,,0,,
459579,0,1,35,1,Artist,3.0,1,5.0,4
459581,0,0,35,0,,,0,,7
459582,1,1,31,0,Entertainment,,1,3.0,6
459583,1,1,46,1,Artist,0.0,0,1.0,6
459585,0,1,50,1,Artist,1.0,1,4.0,6
459587,0,0,33,1,Artist,7.0,0,3.0,6
459588,1,1,49,1,Artist,0.0,0,1.0,6
459591,1,1,52,1,Artist,1.0,1,3.0,6
459592,1,0,25,0,Healthcare,0.0,0,3.0,6
459594,0,1,41,1,Artist,6.0,0,1.0,6
459597,0,1,68,1,Artist,0.0,2,2.0,6
459603,0,1,79,0,Lawyer,2.0,2,2.0,6
459607,1,1,40,1,Entertainment,5.0,1,5.0,6
459608,0,0,62,1,Doctor,,0,1.0,6
459612,1,0,21,0,Healthcare,,0,2.0,6
459616,0,0,20,0,Healthcare,,0,4.0,1
459617,1,0,28,1,Entertainment,1.0,0,5.0,6
459618,1,1,57,1,Doctor,0.0,1,2.0,4
459621,0,0,25,0,Healthcare,8.0,0,,
459625,0,1,63,0,Engineer,8.0,0,1.0,6
459626,0,1,26,0,Entertainment,1.0,0,3.0,6
459632,0,1,50,0,Marketing,0.0,2,3.0,4
459644,0,0,30,0,Marketing,9.0,0,4.0,2
459652,0,0,26,0,Engineer,,0,4.0,4
459658,1,1,61,1,Artist,1.0,1,3.0,6
459664,1,0,42,1,Artist,3.0,0,1.0,6
459665,1,1,88,1,Artist,4.0,0,2.0,6
459672,1,1,45,0,Artist,3.0,1,3.0,6
459673,0,1,86,1,Lawyer,1.0,0,1.0,6
459678,1,0,18,0,Healthcare,1.0,0,5.0,6
459680,1,0,37,1,Entertainment,,0,1.0,6
459686,1,1,46,1,Artist,1.0,0,1.0,6
459691,1,1,58,0,Artist,,1,2.0,6
459692,0,1,72,1,Lawyer,8.0,2,2.0,6
459693,0,1,50,1,Artist,0.0,2,3.0,
459699,0,,56,1,Engineer,8.0,1,3.0,6
459701,1,0,46,0,Artist,3.0,0,3.0,5
459710,1,1,57,1,Artist,,0,1.0,6
459711,1,1,42,0,Executive,9.0,2,6.0,6
459712,1,0,20,0,Healthcare,,0,4.0,6
459713,1,0,19,0,Healthcare,,0,3.0,6
459715,1,0,19,0,Healthcare,4.0,0,4.0,6
459718,1,1,68,1,Executive,1.0,0,1.0,6
459725,0,1,40,1,Artist,0.0,0,2.0,6
459727,1,1,82,0,Lawyer,,2,2.0,6
459740,0,0,23,0,Healthcare,1.0,0,3.0,6
459742,0,1,84,0,Lawyer,1.0,2,2.0,6
459745,1,1,51,0,Artist,0.0,0,4.0,1
459746,1,,59,1,Artist,1.0,1,2.0,6
459747,0,1,41,1,Artist,1.0,1,5.0,6
459748,1,1,51,0,Executive,1.0,2,2.0,6
459755,0,1,62,0,Artist,,1,3.0,6
459756,0,1,62,0,Lawyer,1.0,2,4.0,4
459760,0,1,38,1,Artist,8.0,0,1.0,6
459763,1,0,18,0,Artist,,0,4.0,4
459767,1,0,22,0,Healthcare,3.0,0,4.0,6
459771,0,,30,1,Doctor,0.0,0,3.0,3
459779,0,1,62,1,Entertainment,1.0,0,1.0,6
459780,0,0,43,0,Entertainment,1.0,0,3.0,6
459785,0,0,32,1,Engineer,,0,1.0,3
459793,1,1,37,1,Artist,1.0,2,,6
459795,1,0,48,1,Artist,1.0,0,1.0,6
459801,0,0,31,1,Engineer,4.0,0,2.0,6
459804,1,1,46,0,Artist,4.0,2,4.0,6
459806,0,1,49,0,Engineer,1.0,1,4.0,6
459808,1,1,43,0,Doctor,,1,4.0,6
459815,1,0,42,1,Artist,8.0,0,1.0,6
459816,1,1,37,1,Doctor,,0,2.0,6
459819,1,1,72,1,Entertainment,,2,2.0,6
459821,1,,71,0,Executive,,2,1.0,
459822,0,0,39,1,Engineer,1.0,0,1.0,4
459825,1,0,20,0,Healthcare,0.0,0,5.0,2
459827,0,0,26,0,,,0,1.0,7
459832,1,1,72,1,Executive,1.0,0,1.0,6
459845,1,1,70,1,Healthcare,0.0,0,1.0,4
459851,1,0,45,1,Artist,2.0,0,1.0,6
459853,1,0,33,0,Executive,7.0,0,5.0,6
459856,1,1,50,0,Entertainment,0.0,1,3.0,6
459857,1,0,31,1,Entertainment,6.0,0,1.0,6
459861,0,1,74,0,Lawyer,1.0,2,2.0,6
459864,0,1,68,0,Artist,,2,2.0,6
459866,0,0,49,1,Artist,,0,1.0,6
459867,1,1,49,1,Marketing,0.0,2,2.0,6
459869,0,0,18,0,Healthcare,1.0,0,3.0,6
459871,0,1,85,0,Entertainment,2.0,1,2.0,6
459885,0,0,38,1,Entertainment,,0,4.0,6
459886,1,1,28,0,Artist,0.0,0,4.0,6
459887,1,1,46,0,Artist,3.0,1,2.0,
459889,1,1,59,1,Homemaker,9.0,1,3.0,6
459897,0,1,56,1,Artist,0.0,0,2.0,6
459909,1,1,69,1,Artist,0.0,0,1.0,6
459910,1,1,66,1,Artist,0.0,0,2.0,6
459911,1,0,18,0,Healthcare,4.0,0,6.0,2
459914,1,0,36,1,Artist,4.0,0,1.0,4
459923,1,0,31,1,Marketing,1.0,0,2.0,3
459925,1,1,67,0,Executive,1.0,2,2.0,4
459937,0,0,39,1,Artist,7.0,0,1.0,6
459943,1,0,42,1,Entertainment,4.0,0,3.0,6
459945,1,1,50,1,Artist,0.0,0,2.0,6
459946,0,1,37,1,Artist,0.0,1,2.0,6
459949,0,0,59,1,Artist,0.0,0,1.0,6
459953,1,1,50,1,Artist,8.0,0,2.0,6
459961,1,1,48,1,Artist,8.0,0,3.0,2
459962,1,1,55,1,Artist,9.0,0,1.0,6
459966,0,0,33,1,Doctor,1.0,0,3.0,6
459968,1,0,38,1,Artist,13.0,0,1.0,7
459970,1,0,43,1,Artist,0.0,0,2.0,6
459973,0,0,53,1,Artist,0.0,0,2.0,6
459974,1,0,37,1,Entertainment,0.0,0,1.0,6
459975,0,0,36,1,Artist,5.0,0,1.0,6
459981,1,0,36,1,Artist,5.0,0,1.0,6
459986,1,1,62,1,Artist,1.0,0,1.0,6
459995,0,0,38,0,Artist,2.0,0,2.0,6
459996,1,0,55,1,Entertainment,1.0,0,1.0,6
459998,1,1,60,0,Entertainment,1.0,1,2.0,6
460004,0,1,36,1,Entertainment,7.0,1,2.0,5
460006,1,0,30,0,Entertainment,5.0,0,9.0,3
460014,0,0,66,0,Entertainment,4.0,0,3.0,6
460023,1,1,45,1,Entertainment,1.0,0,1.0,6
460027,0,0,40,1,Entertainment,6.0,0,,6
460033,0,,45,1,Entertainment,5.0,0,3.0,6
460036,1,1,41,1,,2.0,0,1.0,6
460040,0,1,62,1,Homemaker,4.0,0,1.0,5
460045,1,1,61,1,Artist,1.0,0,2.0,6
460046,0,1,50,1,Artist,4.0,0,2.0,6
460050,1,1,53,1,Entertainment,3.0,0,2.0,6
460051,1,0,39,1,Artist,7.0,0,1.0,6
460052,0,0,86,1,Lawyer,0.0,0,1.0,3
460058,1,1,50,1,Artist,1.0,0,1.0,4
460059,0,0,46,0,Entertainment,4.0,0,,4
460061,1,0,52,1,Marketing,0.0,0,1.0,3
460066,0,0,45,0,Marketing,0.0,0,1.0,6
460068,0,0,37,1,Artist,9.0,0,1.0,6
460073,0,1,36,1,Engineer,3.0,0,1.0,6
460075,0,0,25,1,Artist,,0,1.0,6
460079,0,0,40,0,Doctor,1.0,0,1.0,6
460081,1,1,41,1,Artist,11.0,2,2.0,6
460088,0,1,25,1,Homemaker,,2,2.0,6
460090,1,1,80,0,Lawyer,4.0,1,2.0,6
460093,0,0,46,1,Artist,3.0,0,1.0,3
460095,0,1,81,1,Lawyer,1.0,0,1.0,6
460097,1,,40,1,Artist,0.0,0,2.0,3
460099,1,0,49,1,,1.0,0,1.0,3
460101,0,0,26,1,Healthcare,8.0,0,3.0,3
460103,1,0,26,1,Artist,1.0,0,1.0,4
460105,0,0,47,1,Artist,0.0,0,1.0,4
460106,0,1,71,1,Entertainment,0.0,0,,6
460107,1,1,48,1,Engineer,1.0,1,5.0,6
460108,1,1,39,1,Artist,1.0,1,3.0,2
460109,1,1,50,1,Artist,8.0,1,2.0,6
460110,0,0,46,1,Artist,1.0,0,2.0,
460112,1,1,26,1,Engineer,8.0,1,2.0,3
460116,0,1,42,1,,1.0,0,2.0,6
460118,0,1,36,1,Artist,4.0,0,2.0,6
460119,1,0,29,1,Healthcare,1.0,0,4.0,6
460122,0,0,39,0,Artist,1.0,0,1.0,6
460124,0,0,41,1,Artist,0.0,0,3.0,6
460126,0,1,48,1,Marketing,8.0,0,,6
460134,1,1,40,1,Entertainment,9.0,2,3.0,6
460135,0,0,25,1,Healthcare,4.0,0,3.0,6
460140,0,1,41,1,Artist,7.0,0,2.0,6
460141,1,0,37,1,Artist,11.0,0,1.0,6
460144,0,0,53,1,Doctor,0.0,0,,3
460146,0,1,51,1,Engineer,0.0,1,3.0,3
460147,1,1,73,1,Entertainment,1.0,1,3.0,6
460157,1,1,61,0,,1.0,0,5.0,4
460160,1,0,39,1,Entertainment,5.0,0,1.0,3
460162,0,0,19,0,Healthcare,0.0,0,4.0,2
460166,0,0,19,0,Healthcare,0.0,0,7.0,2
460167,0,0,23,0,Entertainment,1.0,0,5.0,2
460168,1,1,83,1,Executive,0.0,2,2.0,2
460171,0,1,62,1,Artist,1.0,2,2.0,6
460174,0,0,43,1,Artist,9.0,0,4.0,6
460175,0,0,27,0,Artist,0.0,0,5.0,2
460177,1,0,50,1,Artist,0.0,0,1.0,6
460179,0,0,23,0,Entertainment,0.0,0,6.0,2
460183,1,0,35,0,Entertainment,9.0,0,2.0,6
460185,1,0,32,0,Healthcare,9.0,0,3.0,6
460187,0,0,42,1,Doctor,2.0,0,3.0,6
460189,1,0,33,0,Entertainment,13.0,0,1.0,6
460190,0,0,28,1,Entertainment,9.0,0,3.0,6
460192,1,1,35,1,,1.0,0,2.0,7
460196,0,0,35,1,Healthcare,9.0,0,2.0,6
460206,0,1,39,1,Entertainment,0.0,0,2.0,6
460211,1,1,28,,Artist,6.0,0,1.0,6
460212,1,1,35,1,Entertainment,11.0,0,6.0,6
460214,0,1,45,1,Engineer,0.0,1,2.0,6
460222,0,,73,1,Lawyer,4.0,2,,6
460223,1,0,52,0,Entertainment,1.0,0,1.0,6
460227,1,0,28,0,Healthcare,0.0,0,3.0,6
460242,1,1,38,1,Healthcare,9.0,0,3.0,6
460243,0,0,42,1,Entertainment,8.0,0,1.0,6
460247,0,0,26,0,Doctor,9.0,0,,6
460248,0,0,27,1,Healthcare,7.0,0,2.0,6
460252,1,1,41,1,Artist,0.0,0,2.0,6
460263,1,1,41,1,Artist,1.0,0,2.0,6
460265,1,1,47,1,Executive,0.0,2,4.0,6
460270,1,0,35,1,Doctor,8.0,0,1.0,6
460272,0,0,88,1,Lawyer,0.0,0,1.0,6
460275,0,0,46,1,Artist,6.0,0,1.0,6
460276,0,1,41,1,Artist,3.0,0,2.0,6
460281,0,0,30,1,Doctor,10.0,0,5.0,6
460283,1,1,43,1,Doctor,12.0,0,2.0,6
460284,0,0,29,1,Entertainment,9.0,0,2.0,6
460287,1,1,48,1,Artist,1.0,0,1.0,6
460289,0,1,61,1,Artist,4.0,1,6.0,4
460298,0,0,51,1,Lawyer,2.0,0,1.0,6
460303,0,0,38,1,Artist,2.0,0,1.0,
460305,0,,49,1,Entertainment,0.0,2,1.0,6
460306,0,0,43,1,Healthcare,9.0,0,1.0,6
460310,1,0,27,0,Healthcare,14.0,0,4.0,6
460315,0,0,35,0,Doctor,14.0,0,6.0,7
460319,0,1,39,0,Doctor,4.0,1,2.0,7
460322,0,1,52,0,Engineer,9.0,0,,6
460323,0,0,38,1,Engineer,10.0,0,1.0,6
460324,0,0,30,1,Entertainment,12.0,0,2.0,6
460327,0,0,43,1,Artist,10.0,0,1.0,6
460333,0,0,42,0,Entertainment,10.0,0,4.0,6
460336,0,0,46,1,Artist,2.0,0,1.0,7
460340,0,0,47,1,Artist,11.0,0,2.0,6
460341,0,0,32,0,Entertainment,13.0,0,5.0,7
460344,0,1,53,1,Artist,11.0,1,2.0,6
460346,0,1,43,1,Artist,12.0,1,,6
460348,0,0,39,1,Artist,0.0,0,2.0,6
460349,1,,42,1,Artist,3.0,1,2.0,6
460354,0,0,37,1,Artist,3.0,0,1.0,3
460356,1,0,19,0,Healthcare,0.0,0,4.0,6
460358,1,0,30,0,Marketing,1.0,0,1.0,3
460361,0,1,49,1,Artist,0.0,0,1.0,4
460362,1,1,55,1,Healthcare,0.0,0,3.0,4
460365,0,1,59,1,Doctor,1.0,0,2.0,4
460369,0,1,46,1,Artist,,0,2.0,6
460370,0,1,27,1,Executive,9.0,2,2.0,6
460371,0,0,25,1,Artist,1.0,0,2.0,6
460378,0,0,37,1,Doctor,1.0,0,1.0,6
460379,1,0,38,1,Artist,9.0,0,3.0,6
460380,1,0,29,1,Entertainment,9.0,0,3.0,6
460381,1,0,28,1,Artist,11.0,0,2.0,6
460384,0,1,27,1,Marketing,8.0,0,2.0,6
460387,0,0,42,0,Entertainment,3.0,0,2.0,6
460388,0,0,43,1,Artist,14.0,0,2.0,6
460389,0,1,40,1,Healthcare,8.0,1,2.0,6
460390,1,0,41,1,Artist,9.0,0,3.0,6
460392,1,1,46,0,Entertainment,8.0,0,1.0,1
460394,0,0,32,1,Healthcare,9.0,0,3.0,6
460397,0,0,56,1,Entertainment,1.0,0,1.0,6
460399,1,0,28,1,Marketing,12.0,0,1.0,6
460401,0,0,25,1,Artist,0.0,0,3.0,7
460404,1,1,42,1,Artist,6.0,0,7.0,6
460405,0,0,41,1,Entertainment,5.0,0,2.0,6
460406,1,1,36,1,Healthcare,3.0,0,2.0,6
460408,0,0,42,1,Artist,2.0,0,1.0,6
460409,0,0,42,1,Artist,8.0,0,4.0,6
460415,0,0,55,1,Entertainment,1.0,0,2.0,6
460422,1,1,52,1,Entertainment,1.0,2,,6
460431,0,0,47,1,Engineer,1.0,0,1.0,6
460434,1,,57,1,Artist,2.0,2,3.0,6
460437,0,0,26,1,Artist,8.0,0,1.0,6
460440,0,0,28,0,Artist,5.0,0,2.0,6
460443,0,0,37,1,Doctor,0.0,0,1.0,6
460447,1,,89,0,Lawyer,0.0,0,1.0,3
460449,1,0,25,0,Marketing,2.0,0,1.0,3
460450,1,1,50,1,Executive,1.0,2,4.0,4
460453,0,0,42,1,Doctor,5.0,0,1.0,6
460454,1,0,48,1,Artist,,0,1.0,6
460457,0,0,37,1,Entertainment,9.0,0,,3
460459,0,0,30,0,Engineer,1.0,0,5.0,3
460460,1,1,26,0,Entertainment,2.0,0,4.0,3
460467,0,1,47,1,Artist,,1,2.0,6
460470,1,0,36,0,Healthcare,,0,4.0,4
460476,1,1,53,0,Doctor,,1,4.0,3
460477,1,0,30,0,Entertainment,1.0,0,6.0,3
460484,0,0,20,0,Healthcare,4.0,0,7.0,3
460485,0,0,19,0,Marketing,8.0,0,5.0,3
460489,1,0,19,0,Healthcare,9.0,0,6.0,3
460492,0,0,37,0,Marketing,12.0,0,,3
460495,1,0,20,0,Healthcare,0.0,0,6.0,3
460504,1,,39,0,Executive,,1,3.0,3
460505,0,0,26,1,Engineer,1.0,0,3.0,3
460507,1,0,31,0,Doctor,0.0,0,4.0,3
460508,1,1,31,1,Healthcare,2.0,2,3.0,3
460518,0,1,41,1,Engineer,9.0,1,3.0,3
460522,0,1,32,0,Homemaker,,1,2.0,4
460541,0,1,42,1,Homemaker,0.0,1,3.0,3
460542,0,1,89,0,Lawyer,1.0,0,,3
460545,1,1,78,0,Lawyer,1.0,2,3.0,3
460546,0,1,65,1,Lawyer,1.0,0,2.0,3
460547,0,1,48,1,Homemaker,0.0,1,,3
460549,1,0,36,1,Artist,8.0,0,2.0,3
460550,0,1,55,1,Artist,0.0,1,4.0,3
460551,1,1,52,1,Engineer,0.0,1,2.0,3
460555,1,1,52,1,Homemaker,7.0,1,3.0,3
460556,0,1,41,1,,1.0,0,1.0,3
460558,0,1,36,1,Engineer,,0,1.0,3
460561,0,0,37,0,Engineer,7.0,0,1.0,3
460563,0,0,40,0,Healthcare,1.0,0,2.0,1
460566,1,1,38,1,Homemaker,,1,2.0,3
460571,1,0,25,0,Doctor,0.0,0,3.0,3
460572,0,0,33,1,Engineer,1.0,0,4.0,3
460574,1,0,26,1,Artist,1.0,0,1.0,3
460582,0,0,28,0,Entertainment,0.0,0,1.0,3
460583,1,0,18,0,Marketing,0.0,0,6.0,3
460585,1,0,52,0,Entertainment,0.0,0,3.0,3
460586,1,0,26,1,Healthcare,0.0,0,2.0,3
460588,1,0,18,0,Healthcare,0.0,0,4.0,3
460597,0,0,20,0,Marketing,1.0,0,2.0,3
460598,0,1,36,1,Doctor,0.0,1,3.0,3
460605,1,1,27,1,Doctor,8.0,1,2.0,4
460606,1,0,21,0,Healthcare,,0,5.0,7
460612,1,0,27,1,Entertainment,8.0,0,4.0,3
460615,0,0,28,1,Healthcare,,0,,3
460618,1,1,63,1,Lawyer,,0,4.0,3
460619,1,0,48,1,Entertainment,,0,,3
460621,1,1,80,1,Lawyer,1.0,0,2.0,3
460622,0,1,71,1,Lawyer,7.0,2,3.0,3
460626,1,1,47,0,Doctor,8.0,2,4.0,6
460627,0,0,22,0,,1.0,0,4.0,3
460633,1,1,35,1,,,2,2.0,3
460634,0,0,40,0,Entertainment,,0,6.0,3
460637,0,0,18,0,Healthcare,,0,,3
460638,0,0,26,1,Artist,0.0,0,4.0,3
460639,0,1,73,1,Lawyer,,0,5.0,1
460640,1,1,86,,Lawyer,,0,1.0,3
460645,0,0,37,0,Doctor,1.0,0,2.0,3
460646,1,1,59,1,Entertainment,,0,,3
460653,0,0,28,0,Homemaker,8.0,0,1.0,4
460656,0,1,29,1,Artist,9.0,0,3.0,6
460658,0,1,37,1,Marketing,7.0,1,3.0,6
460659,0,1,46,1,Marketing,,1,3.0,6
460660,1,0,39,,Entertainment,6.0,0,1.0,6
460661,0,0,33,0,Homemaker,8.0,0,1.0,6
460668,0,0,32,1,Doctor,,0,2.0,3
460678,0,0,32,0,Doctor,6.0,0,2.0,3
460686,0,,25,0,Homemaker,8.0,0,1.0,3
460687,0,1,48,1,Homemaker,9.0,1,2.0,3
460691,0,0,27,0,Homemaker,8.0,0,1.0,3
460702,0,0,49,1,Artist,1.0,0,1.0,6
460703,0,1,33,1,Engineer,8.0,1,5.0,4
460706,0,0,33,0,Engineer,7.0,0,6.0,4
460708,1,1,39,1,Artist,0.0,0,3.0,6
460716,1,1,50,1,Entertainment,0.0,1,4.0,6
460719,0,1,84,1,Lawyer,0.0,0,,3
460720,0,1,46,1,Artist,0.0,1,2.0,6
460722,1,1,31,0,Entertainment,0.0,1,3.0,3
460726,1,1,57,1,Artist,3.0,1,2.0,6
460727,1,1,73,0,Executive,1.0,2,4.0,3
460729,1,1,36,1,Entertainment,9.0,0,4.0,6
460733,1,0,53,1,Marketing,2.0,0,4.0,6
460734,1,1,41,1,Entertainment,9.0,1,,2
460738,0,0,53,0,Engineer,0.0,0,,7
460740,1,1,35,1,Artist,2.0,1,3.0,6
460743,1,1,62,1,Artist,0.0,1,3.0,6
460746,1,0,23,0,Marketing,0.0,0,3.0,6
460763,1,0,51,1,Artist,1.0,0,2.0,6
460769,0,1,83,0,Lawyer,1.0,2,2.0,6
460780,0,0,26,1,Healthcare,0.0,0,2.0,3
460783,1,1,86,1,Lawyer,1.0,0,1.0,6
460785,1,0,26,1,Healthcare,0.0,0,4.0,7
460789,1,1,42,1,Executive,0.0,0,3.0,6
460794,0,1,41,1,Homemaker,9.0,0,1.0,6
460796,1,1,67,0,Lawyer,0.0,0,3.0,6
460802,1,1,68,1,Lawyer,1.0,2,2.0,6
460811,0,1,45,0,Engineer,0.0,2,2.0,6
460813,0,1,86,0,Lawyer,0.0,2,2.0,6
460815,1,1,62,1,Artist,0.0,2,2.0,3
460822,1,1,42,1,Artist,1.0,0,2.0,6
460825,1,0,26,1,Doctor,0.0,0,3.0,4
460828,1,0,48,0,Entertainment,1.0,0,1.0,6
460830,1,1,40,0,Entertainment,3.0,1,5.0,2
460831,1,0,20,0,Healthcare,0.0,0,4.0,6
460837,0,0,25,1,Artist,1.0,0,1.0,5
460838,1,0,37,1,Artist,1.0,0,,6
460840,1,1,77,1,Lawyer,1.0,0,1.0,6
460844,1,1,50,1,Healthcare,,0,2.0,6
460846,0,0,22,0,Marketing,0.0,0,4.0,6
460847,1,0,26,1,Artist,1.0,0,3.0,6
460851,1,1,71,0,Doctor,0.0,1,3.0,6
460855,1,1,50,1,Artist,,0,2.0,6
460857,1,0,29,0,Entertainment,1.0,0,1.0,4
460859,1,1,51,1,Entertainment,,0,4.0,6
460860,1,1,52,1,Artist,6.0,1,4.0,6
460861,1,0,20,0,Healthcare,1.0,0,3.0,3
460866,1,0,26,1,Doctor,0.0,0,9.0,4
460870,1,0,37,1,Healthcare,,0,,4
460871,0,0,33,1,Healthcare,,0,,6
460872,0,1,39,1,Artist,0.0,0,2.0,4
460877,0,1,53,0,Artist,1.0,1,5.0,6
460878,1,1,49,0,Entertainment,0.0,1,4.0,6
460882,1,0,21,0,Healthcare,0.0,0,2.0,3
460888,1,1,39,0,Homemaker,8.0,0,1.0,6
460891,0,1,38,0,Artist,2.0,1,4.0,3
460897,1,0,22,0,Healthcare,4.0,0,4.0,6
460898,1,1,52,0,Artist,2.0,1,4.0,6
460899,1,0,40,1,Entertainment,,0,3.0,6
460901,1,0,20,0,Doctor,8.0,0,3.0,6
460902,1,0,41,1,Executive,1.0,0,3.0,6
460905,1,0,30,1,Artist,1.0,0,1.0,3
460906,0,1,89,1,Lawyer,1.0,2,3.0,6
460907,1,1,83,0,Lawyer,1.0,2,3.0,6
460923,1,1,53,1,Artist,0.0,1,3.0,6
460924,1,0,31,0,Doctor,1.0,0,5.0,2
460928,1,1,48,1,Artist,1.0,1,4.0,6
460934,0,0,29,0,Doctor,0.0,0,2.0,6
460935,1,1,87,1,Lawyer,0.0,0,1.0,6
460945,1,0,19,0,Engineer,4.0,0,7.0,6
460953,1,1,60,0,Entertainment,1.0,0,2.0,6
460961,1,0,23,0,Healthcare,1.0,0,2.0,3
460962,1,1,61,1,Executive,9.0,2,4.0,6
460963,0,0,27,1,Artist,1.0,0,3.0,6
460968,1,1,32,0,Doctor,14.0,1,2.0,3
460975,1,1,79,,Lawyer,0.0,2,2.0,6
460976,1,0,19,0,Healthcare,1.0,0,4.0,6
460977,1,1,42,1,Executive,0.0,2,3.0,4
460979,1,1,76,0,Lawyer,1.0,0,1.0,6
460981,0,1,41,0,Marketing,1.0,1,2.0,6
460984,1,1,38,1,Entertainment,0.0,1,4.0,6
460988,1,1,43,1,Entertainment,0.0,1,3.0,4
460989,1,0,19,0,Healthcare,1.0,0,3.0,1
460991,0,0,28,1,Healthcare,1.0,0,3.0,7
460993,1,1,56,1,Artist,0.0,1,4.0,6
460999,1,0,28,1,Engineer,0.0,0,3.0,3
461000,1,1,60,0,Marketing,1.0,2,2.0,3
461001,0,0,55,1,Artist,0.0,0,,3
461015,1,1,35,1,Entertainment,1.0,1,2.0,3
461016,1,0,25,0,Healthcare,5.0,0,5.0,3
461022,1,1,71,1,Artist,1.0,0,1.0,3
461023,1,1,65,0,Lawyer,,2,2.0,3
461024,1,1,74,1,Lawyer,1.0,0,1.0,6
461028,0,0,20,0,Healthcare,5.0,0,4.0,4
461029,1,1,43,0,Entertainment,9.0,0,2.0,4
461034,0,0,20,0,Marketing,3.0,0,6.0,3
461037,1,1,40,1,Healthcare,,2,5.0,3
461038,0,1,46,1,Engineer,0.0,2,5.0,3
461041,0,1,65,0,Lawyer,1.0,2,7.0,3
461042,1,0,21,0,Healthcare,0.0,0,,4
461043,1,1,50,0,Healthcare,1.0,0,7.0,4
461044,1,0,18,0,Healthcare,0.0,0,5.0,4
461049,0,1,61,1,Doctor,1.0,0,7.0,7
461050,1,1,49,1,,1.0,2,3.0,6
461053,1,1,39,0,Executive,,2,4.0,3
461059,0,1,52,0,Lawyer,1.0,2,2.0,6
461060,1,1,56,1,Executive,0.0,2,5.0,6
461065,1,1,55,1,Executive,,0,6.0,3
461071,1,1,42,0,Engineer,1.0,1,5.0,3
461078,0,0,33,0,Homemaker,0.0,0,6.0,3
461082,1,0,19,0,Healthcare,8.0,0,4.0,1
461085,0,0,27,0,Engineer,1.0,0,1.0,3
461093,0,1,38,1,Artist,1.0,1,4.0,3
461099,0,0,38,0,Artist,1.0,0,4.0,3
461111,0,1,43,1,Doctor,8.0,0,1.0,6
461114,1,1,53,1,Artist,1.0,1,4.0,3
461116,1,1,33,0,Executive,4.0,2,4.0,3
461118,0,0,30,1,Healthcare,7.0,0,,3
461119,0,0,22,0,Healthcare,6.0,0,3.0,3
461121,1,0,33,0,Doctor,0.0,0,4.0,3
461124,1,0,21,0,Healthcare,1.0,0,8.0,4
461127,1,0,20,0,Healthcare,1.0,0,5.0,4
461128,1,0,19,0,Healthcare,7.0,0,3.0,6
461129,0,1,58,1,Entertainment,1.0,1,4.0,6
461131,1,1,67,1,Artist,1.0,2,,6
461145,0,1,36,1,Entertainment,1.0,0,2.0,3
461152,0,0,30,0,Homemaker,8.0,0,,3
461154,1,0,23,0,Homemaker,1.0,0,4.0,3
461158,0,0,42,1,Entertainment,1.0,0,,3
461162,0,0,37,0,Marketing,8.0,0,3.0,3
461163,0,1,58,0,Entertainment,9.0,0,4.0,3
461168,0,1,26,0,Engineer,7.0,1,2.0,3
461169,1,0,39,1,Entertainment,9.0,0,2.0,3
461174,0,0,23,0,Marketing,,0,4.0,3
461177,1,1,41,0,Executive,8.0,1,4.0,1
461178,1,1,26,0,Entertainment,0.0,0,3.0,3
461179,0,1,25,0,Engineer,3.0,0,3.0,3
461181,1,0,19,0,Healthcare,,0,4.0,3
461183,1,0,36,0,Executive,0.0,0,5.0,3
461187,1,0,29,0,Healthcare,9.0,0,4.0,3
461197,1,0,26,0,Marketing,1.0,0,1.0,3
461198,0,0,78,1,Lawyer,,0,1.0,6
461201,0,0,55,1,Artist,,0,1.0,6
461205,1,0,26,1,Healthcare,,0,3.0,2
461211,0,0,46,1,Entertainment,0.0,0,1.0,6
461214,1,0,29,0,Healthcare,0.0,0,4.0,6
461215,0,0,36,1,Artist,10.0,0,1.0,6
461218,1,1,27,0,Executive,1.0,0,6.0,6
461220,0,0,29,0,Executive,8.0,0,3.0,6
461221,0,0,25,0,Marketing,1.0,0,4.0,6
461225,0,0,30,0,Marketing,10.0,0,6.0,6
461226,1,1,45,1,,1.0,0,2.0,6
461230,0,0,21,0,Executive,0.0,0,,3
461232,0,1,41,1,Executive,,2,,3
461233,1,1,38,1,Entertainment,,0,,3
461236,0,0,28,1,Healthcare,9.0,0,1.0,6
461237,1,0,33,1,Doctor,1.0,0,5.0,2
461241,1,1,31,1,Healthcare,7.0,0,2.0,6
461242,1,1,45,1,Healthcare,0.0,0,2.0,6
461243,1,1,47,1,Marketing,0.0,0,5.0,6
461248,0,0,39,0,Healthcare,0.0,0,1.0,6
461251,0,0,47,1,Marketing,1.0,0,,6
461252,0,1,53,1,Doctor,0.0,0,1.0,3
461256,1,0,27,0,Doctor,1.0,0,4.0,4
461257,1,1,37,1,Engineer,1.0,1,2.0,4
461258,0,1,62,1,Artist,1.0,1,3.0,4
461262,0,0,29,0,Engineer,0.0,0,7.0,4
461263,0,1,51,1,Artist,0.0,0,1.0,4
461265,1,0,30,0,Marketing,1.0,0,6.0,4
461269,1,0,18,0,Entertainment,0.0,0,4.0,4
461274,0,1,87,1,Lawyer,,2,2.0,6
461276,1,1,68,1,Marketing,0.0,0,2.0,7
461277,1,1,84,1,Lawyer,5.0,0,1.0,6
461281,1,0,22,0,Healthcare,2.0,0,9.0,2
461286,0,0,22,0,Doctor,2.0,0,4.0,6
461289,1,0,21,0,Healthcare,1.0,0,3.0,6
461292,0,1,89,0,Lawyer,,2,2.0,3
461297,1,1,73,0,Lawyer,0.0,2,2.0,6
461299,0,1,75,1,Lawyer,0.0,2,2.0,6
461303,0,0,20,0,Doctor,6.0,0,4.0,2
461308,1,0,22,0,Healthcare,1.0,0,2.0,6
461309,0,0,22,0,Healthcare,0.0,0,4.0,6
461313,1,1,63,1,Artist,0.0,1,,6
461314,1,1,46,1,Artist,1.0,1,3.0,6
461319,1,1,58,0,Artist,0.0,1,2.0,6
461320,0,0,41,1,Artist,1.0,0,3.0,6
461322,1,1,42,1,Artist,0.0,1,2.0,6
461323,0,1,43,1,Healthcare,6.0,1,2.0,6
461324,0,0,49,1,Artist,3.0,0,1.0,6
461326,0,0,40,1,Artist,0.0,0,1.0,6
461335,1,1,53,0,Executive,8.0,2,2.0,6
461340,1,1,36,1,Artist,4.0,1,2.0,7
461346,1,1,50,1,Artist,8.0,0,2.0,6
461348,1,1,42,1,Healthcare,1.0,0,1.0,6
461350,1,0,30,0,Healthcare,0.0,0,4.0,2
461352,1,0,29,0,Healthcare,2.0,0,5.0,2
461356,1,0,28,1,Entertainment,1.0,0,2.0,6
461357,1,0,27,1,Healthcare,1.0,0,4.0,6
461363,1,0,49,1,Artist,0.0,0,1.0,6
461366,1,0,32,1,Healthcare,1.0,0,1.0,6
461370,1,0,25,1,Doctor,1.0,0,3.0,6
461377,0,1,63,1,Artist,,0,1.0,6
461378,0,0,42,1,Artist,8.0,0,1.0,6
461379,1,0,31,1,Healthcare,1.0,0,,5
461383,1,1,71,1,Artist,0.0,2,2.0,6
461388,1,0,20,0,Healthcare,,0,5.0,2
461397,1,0,22,0,Healthcare,1.0,0,4.0,6
461402,0,0,29,1,Entertainment,1.0,0,5.0,6
461408,1,1,47,1,Marketing,0.0,0,3.0,6
461421,1,1,43,1,Artist,,1,3.0,6
461423,1,0,32,1,Artist,1.0,0,3.0,4
461426,1,1,47,1,Artist,7.0,1,2.0,6
461428,1,0,46,1,Artist,0.0,0,1.0,6
461432,0,1,41,1,Artist,1.0,1,2.0,6
461437,1,1,37,1,Entertainment,0.0,1,2.0,6
461439,1,1,40,1,Artist,0.0,1,2.0,6
461441,1,1,60,1,Artist,0.0,1,4.0,6
461442,1,1,46,1,Artist,0.0,1,6.0,2
461454,0,1,36,1,Artist,6.0,2,4.0,7
461456,0,0,38,0,Marketing,0.0,0,1.0,6
461457,0,1,32,0,Doctor,0.0,0,5.0,6
461458,0,0,41,1,Artist,5.0,0,1.0,6
461462,1,1,56,1,Marketing,0.0,0,3.0,6
461465,1,1,31,1,Artist,8.0,1,2.0,6
461466,1,1,45,0,Artist,0.0,0,2.0,7
461468,1,1,69,1,Entertainment,,1,3.0,6
461469,1,1,37,1,Artist,0.0,0,2.0,6
461476,1,1,47,1,Artist,1.0,1,4.0,2
461479,0,1,52,1,Artist,1.0,1,3.0,6
461480,0,1,57,1,Artist,1.0,2,3.0,6
461482,0,0,50,1,Artist,9.0,0,1.0,6
461494,1,1,27,0,Engineer,0.0,1,2.0,6
461501,0,1,45,1,Engineer,1.0,2,3.0,6
461503,0,0,30,1,Artist,8.0,0,2.0,6
461510,1,1,45,1,Artist,0.0,0,2.0,6
461514,1,0,30,0,Healthcare,1.0,0,4.0,6
461516,1,1,31,1,Entertainment,1.0,1,3.0,6
461518,0,1,45,1,Artist,1.0,1,4.0,3
461521,1,1,67,1,Artist,0.0,2,2.0,6
461522,1,1,76,0,Executive,1.0,2,2.0,6
461525,1,1,69,1,Entertainment,0.0,0,2.0,6
461526,1,1,83,0,Entertainment,0.0,0,2.0,6
461530,1,1,38,1,Engineer,0.0,0,2.0,6
461534,1,1,36,1,Artist,0.0,0,1.0,6
461540,1,0,41,1,,2.0,0,2.0,2
461546,0,1,69,0,Lawyer,0.0,0,3.0,6
461548,0,0,33,1,Engineer,0.0,0,3.0,6
461553,1,0,38,1,Artist,1.0,0,3.0,7
461556,0,1,48,1,Engineer,1.0,1,2.0,6
461558,1,1,51,1,Engineer,2.0,1,2.0,6
461564,1,1,56,1,Executive,1.0,2,2.0,6
461570,1,1,57,1,Artist,0.0,1,3.0,6
461574,0,1,49,1,Artist,1.0,1,3.0,6
461587,1,0,30,1,Healthcare,0.0,0,3.0,6
461593,0,1,40,1,Doctor,8.0,1,2.0,6
461602,0,0,30,1,Artist,0.0,0,,6
461604,1,1,38,0,Entertainment,0.0,1,2.0,6
461612,0,0,31,1,Healthcare,8.0,0,5.0,6
461615,1,0,33,1,Doctor,0.0,0,2.0,6
461617,1,0,50,1,Artist,0.0,0,2.0,6
461619,1,1,52,1,Executive,,2,3.0,6
461624,0,1,39,1,Artist,0.0,1,,2
461626,1,1,73,1,Executive,0.0,2,2.0,6
461630,1,1,46,1,Artist,0.0,1,3.0,6
461637,1,1,50,1,Artist,0.0,0,2.0,7
461644,1,0,30,0,Healthcare,0.0,0,6.0,6
461653,0,1,60,1,Doctor,0.0,1,2.0,6
461655,0,1,39,1,Homemaker,9.0,1,2.0,6
461658,0,1,59,1,Artist,1.0,1,2.0,5
461659,0,1,51,1,Artist,0.0,1,2.0,6
461661,0,1,40,1,Artist,5.0,1,2.0,2
461663,1,0,23,0,Healthcare,1.0,0,3.0,6
461668,1,1,53,1,Artist,4.0,1,4.0,2
461671,1,0,32,0,Healthcare,7.0,0,5.0,6
461674,1,1,52,1,Executive,0.0,2,4.0,6
461676,0,0,31,1,Engineer,0.0,0,1.0,6
461679,1,0,30,1,Healthcare,3.0,0,4.0,6
461681,1,0,25,1,Healthcare,8.0,0,3.0,7
461683,1,1,40,1,Executive,1.0,2,4.0,6
461685,0,0,27,1,Healthcare,4.0,0,4.0,6
461686,1,1,61,1,Artist,0.0,0,2.0,6
461690,0,0,33,1,Engineer,1.0,0,1.0,4
461694,1,0,28,1,Doctor,1.0,0,4.0,4
461695,0,1,48,1,Artist,2.0,1,2.0,6
461698,0,1,73,1,Artist,0.0,2,2.0,6
461701,1,1,36,0,Artist,0.0,1,2.0,5
461705,0,0,32,0,Healthcare,0.0,0,4.0,6
461708,1,1,82,0,Lawyer,0.0,2,2.0,6
461709,1,0,28,1,Artist,1.0,0,3.0,4
461711,0,0,42,1,Artist,8.0,0,3.0,2
461716,0,1,60,1,Lawyer,6.0,2,9.0,6
461720,0,0,46,1,Artist,1.0,0,1.0,4
461722,1,0,31,0,Doctor,0.0,0,3.0,6
461724,0,1,50,1,Artist,1.0,0,1.0,7
461725,0,0,30,1,Engineer,3.0,0,1.0,4
461727,0,0,49,1,Artist,1.0,0,3.0,6
461737,0,1,51,1,Doctor,0.0,1,6.0,4
461738,0,1,46,1,,,1,3.0,6
461744,1,1,53,1,Artist,0.0,1,4.0,6
461747,1,1,65,1,Artist,0.0,2,2.0,6
461749,0,0,22,0,Healthcare,0.0,0,5.0,6
461752,1,1,65,1,Doctor,1.0,1,3.0,6
461756,0,1,39,1,Engineer,0.0,1,2.0,4
461760,1,1,84,1,Artist,0.0,2,2.0,6
461769,1,0,37,1,Artist,0.0,0,1.0,6
461771,1,1,28,1,Doctor,8.0,1,2.0,6
461775,0,1,82,0,Lawyer,0.0,2,2.0,6
461778,0,1,87,1,Lawyer,0.0,2,2.0,6
461780,0,0,69,1,Lawyer,1.0,0,5.0,6
461782,0,1,51,1,Artist,,2,5.0,6
461784,0,1,74,1,Lawyer,1.0,0,1.0,6
461788,0,1,79,1,Lawyer,1.0,2,2.0,6
461791,0,0,21,0,Lawyer,9.0,0,1.0,6
461792,0,0,20,0,Healthcare,5.0,0,5.0,2
461800,0,0,43,1,Doctor,3.0,0,1.0,2
461801,0,0,25,0,Healthcare,1.0,0,3.0,6
461802,1,0,43,1,Artist,0.0,0,4.0,6
461804,0,0,42,1,Artist,1.0,0,1.0,6
461807,1,0,25,1,Doctor,10.0,0,4.0,6
461815,1,1,59,1,Artist,0.0,0,1.0,3
461816,0,0,49,1,Marketing,0.0,0,5.0,6
461821,0,0,32,0,Doctor,1.0,0,4.0,6
461822,1,1,36,1,Artist,8.0,2,2.0,6
461824,1,1,45,1,Marketing,9.0,0,3.0,6
461832,1,0,29,1,Healthcare,,0,3.0,6
461837,1,1,37,1,Artist,0.0,0,2.0,6
461845,0,1,48,1,Doctor,1.0,1,4.0,6
461846,0,0,65,1,Artist,0.0,0,2.0,2
461848,1,0,39,0,Marketing,1.0,0,2.0,6
461858,1,0,25,0,Entertainment,1.0,0,7.0,4
461859,0,1,49,0,Artist,5.0,0,5.0,6
461860,0,1,77,1,Lawyer,1.0,2,2.0,6
461862,0,0,38,1,Artist,9.0,0,1.0,6
461864,1,0,19,1,Marketing,0.0,0,6.0,4
461872,0,1,76,1,Lawyer,1.0,2,2.0,6
461873,1,0,28,1,Doctor,0.0,0,4.0,6
461874,1,1,51,1,Doctor,1.0,1,3.0,3
461882,0,0,28,1,Doctor,0.0,0,5.0,7
461892,0,0,42,1,Healthcare,0.0,0,1.0,2
461896,1,1,45,1,Artist,1.0,0,1.0,6
461898,1,1,63,1,Executive,6.0,2,3.0,6
461899,0,0,18,0,Doctor,0.0,0,6.0,6
461901,1,0,26,1,Artist,7.0,0,4.0,6
461910,1,1,31,1,Artist,,1,2.0,2
461913,1,0,43,1,Entertainment,5.0,0,4.0,2
461914,0,1,60,1,Artist,7.0,0,,6
461921,0,0,36,1,Artist,0.0,0,1.0,6
461927,1,0,32,0,Healthcare,1.0,0,4.0,2
461928,1,1,68,1,Lawyer,,0,1.0,
461929,1,1,60,1,Entertainment,1.0,0,1.0,6
461930,0,0,42,1,Artist,0.0,0,1.0,4
461931,0,0,18,0,Healthcare,6.0,0,5.0,
461936,1,1,69,0,Lawyer,0.0,2,2.0,6
461937,0,0,42,1,Doctor,0.0,0,,6
461941,0,1,70,1,Artist,1.0,0,1.0,6
461943,1,0,25,1,Healthcare,1.0,0,3.0,6
461962,1,1,56,1,Entertainment,1.0,1,3.0,6
461963,0,0,40,1,Artist,9.0,0,1.0,6
461965,1,0,23,0,Healthcare,1.0,0,6.0,6
461967,0,0,20,0,Marketing,3.0,0,4.0,7
461968,0,0,39,1,Entertainment,2.0,0,1.0,6
461978,0,0,19,0,Healthcare,0.0,0,4.0,6
461985,1,0,28,1,Entertainment,,0,,5
461988,1,1,40,0,Engineer,1.0,1,2.0,6
461989,0,,60,1,Engineer,1.0,1,4.0,2
461993,1,0,33,0,Healthcare,3.0,0,4.0,6
461994,1,1,20,0,Doctor,14.0,0,2.0,6
461996,0,0,35,0,Artist,7.0,0,4.0,6
461999,1,0,27,1,Doctor,0.0,0,5.0,6
462007,0,1,42,1,Artist,1.0,1,2.0,6
462011,1,1,30,0,Marketing,0.0,0,4.0,4
462013,0,1,56,1,Executive,0.0,1,2.0,6
462015,1,1,28,1,Entertainment,0.0,1,2.0,6
462016,0,1,38,1,Artist,6.0,1,2.0,6
462017,1,0,26,1,Entertainment,9.0,0,1.0,2
462027,1,0,36,0,Engineer,0.0,0,1.0,6
462029,1,0,56,0,Entertainment,0.0,0,1.0,6
462033,1,0,26,1,Entertainment,0.0,0,1.0,6
462038,1,0,28,1,Artist,4.0,0,4.0,6
462043,1,0,32,0,Healthcare,0.0,0,5.0,6
462044,0,0,52,1,Artist,4.0,0,1.0,6
462048,0,0,23,0,Healthcare,0.0,0,4.0,6
462051,1,0,23,0,Healthcare,,0,5.0,4
462052,1,1,50,1,Artist,0.0,0,2.0,6
462053,1,1,26,1,Artist,,0,2.0,6
462058,1,1,40,1,Entertainment,8.0,0,2.0,6
462060,0,1,53,1,Artist,1.0,1,2.0,6
462064,1,1,63,1,Artist,0.0,1,3.0,7
462068,1,1,62,1,Executive,0.0,2,3.0,6
462075,0,0,38,1,Artist,1.0,0,1.0,6
462078,0,1,57,0,Artist,1.0,1,2.0,2
462080,0,0,43,1,Artist,9.0,0,1.0,6
462081,1,0,21,0,Marketing,1.0,0,3.0,4
462083,1,0,22,0,Healthcare,0.0,0,5.0,6
462084,1,1,68,1,Artist,1.0,0,1.0,6
462085,0,0,28,1,Healthcare,0.0,0,1.0,6
462088,1,1,33,1,Artist,0.0,1,2.0,6
462090,0,0,38,1,Artist,8.0,0,1.0,6
462091,1,0,23,0,Healthcare,0.0,0,5.0,4
462094,0,0,41,1,Healthcare,,0,1.0,6
462096,0,0,41,1,Homemaker,,0,1.0,4
462102,0,0,39,1,Doctor,4.0,0,1.0,6
462103,0,1,49,0,Entertainment,9.0,2,2.0,6
462108,0,1,33,1,Homemaker,,1,2.0,6
462109,1,1,79,0,Lawyer,0.0,0,1.0,6
462111,1,1,38,1,Artist,6.0,1,4.0,6
462114,1,0,21,0,Healthcare,1.0,0,4.0,6
462116,0,1,68,1,Doctor,0.0,1,2.0,6
462118,1,0,31,1,Artist,0.0,0,3.0,6
462120,1,1,46,0,Artist,1.0,0,3.0,3
462128,1,1,35,1,Artist,9.0,1,2.0,6
462131,0,0,42,1,Artist,8.0,0,3.0,2
462134,1,1,87,0,Lawyer,0.0,0,1.0,
462141,0,0,38,1,Artist,8.0,0,1.0,6
462149,0,1,88,0,Lawyer,2.0,2,1.0,6
462151,0,0,42,1,Artist,9.0,0,1.0,6
462163,0,1,26,1,Artist,4.0,1,2.0,3
462168,1,1,35,1,Executive,0.0,2,3.0,6
462171,0,1,41,0,Engineer,3.0,2,2.0,6
462172,1,1,37,1,Doctor,1.0,1,2.0,1
462174,0,1,41,1,Engineer,8.0,1,4.0,4
462177,1,0,35,,Artist,6.0,0,5.0,2
462179,0,0,33,1,Marketing,0.0,0,9.0,7
462180,0,1,61,1,Engineer,2.0,1,4.0,2
462186,0,0,19,0,Doctor,1.0,0,3.0,1
462187,0,0,50,1,Artist,4.0,0,1.0,6
462188,0,1,48,0,Engineer,0.0,1,4.0,4
462196,1,1,57,0,Marketing,1.0,1,3.0,4
462197,0,1,72,0,Engineer,1.0,1,3.0,4
462198,0,0,39,0,Engineer,4.0,0,,3
462200,0,1,49,1,Doctor,0.0,0,3.0,4
462202,0,0,41,1,Entertainment,0.0,0,4.0,4
462203,1,1,65,0,Executive,2.0,2,7.0,4
462204,0,0,22,0,Marketing,0.0,0,3.0,4
462205,0,0,23,0,Healthcare,0.0,0,4.0,4
462209,0,1,41,0,Artist,0.0,0,1.0,4
462210,0,1,42,1,Engineer,0.0,0,3.0,4
462211,1,0,18,0,Healthcare,0.0,0,3.0,4
462214,1,1,49,0,Doctor,1.0,0,2.0,4
462216,0,1,40,0,Doctor,0.0,0,2.0,4
462218,1,1,50,0,Executive,1.0,1,5.0,4
462220,0,0,19,0,Healthcare,6.0,0,3.0,4
462222,1,0,22,0,Healthcare,0.0,0,6.0,4
462229,1,0,23,0,,1.0,0,8.0,4
462231,1,0,27,1,Artist,4.0,0,6.0,4
462232,1,1,55,0,Executive,0.0,2,8.0,4
462234,1,1,32,0,,1.0,1,6.0,4
462238,1,1,57,0,Entertainment,,0,2.0,3
462240,1,1,80,0,Lawyer,0.0,2,2.0,6
462243,1,1,43,0,Executive,0.0,0,4.0,6
462246,0,1,79,0,Lawyer,1.0,2,2.0,6
462249,1,0,25,0,Entertainment,1.0,0,3.0,6
462256,0,1,58,1,Homemaker,0.0,1,4.0,6
462257,0,1,78,1,Lawyer,,2,2.0,6
462260,1,1,76,1,Lawyer,1.0,0,2.0,6
462262,1,0,27,0,Healthcare,1.0,0,3.0,
462274,1,1,47,1,Artist,1.0,1,3.0,6
462275,1,1,43,1,Artist,1.0,1,2.0,6
462278,1,0,31,1,Healthcare,1.0,0,4.0,6
462279,1,0,27,0,Healthcare,0.0,0,7.0,6
462280,1,0,31,1,Healthcare,0.0,0,4.0,6
462281,1,1,46,1,Artist,1.0,0,2.0,6
462284,1,1,48,1,Executive,1.0,1,4.0,6
462285,1,1,51,1,Doctor,,0,2.0,
462286,1,1,57,0,Doctor,0.0,1,2.0,6
462290,0,0,30,1,Doctor,0.0,0,1.0,6
462291,0,0,37,1,Marketing,,0,3.0,6
462297,0,0,31,1,Artist,14.0,0,2.0,6
462300,1,1,49,1,Artist,1.0,1,3.0,6
462304,1,1,56,1,Artist,1.0,0,4.0,4
462306,1,1,83,0,Lawyer,8.0,2,2.0,6
462309,1,0,32,1,Healthcare,,0,1.0,6
462310,1,1,63,1,Artist,5.0,1,4.0,6
462323,0,1,71,1,Doctor,1.0,1,2.0,6
462336,1,1,50,0,Artist,0.0,0,4.0,6
462339,1,0,31,1,Artist,4.0,0,5.0,6
462340,1,1,60,0,Entertainment,0.0,1,6.0,6
462342,0,1,71,1,Lawyer,8.0,2,2.0,6
462345,1,1,49,1,Doctor,0.0,1,6.0,4
462346,1,1,74,1,Lawyer,9.0,0,1.0,6
462349,1,1,51,1,Artist,1.0,1,6.0,6
462355,1,1,61,0,Entertainment,0.0,0,,6
462356,1,0,46,1,Engineer,0.0,0,3.0,6
462358,1,1,39,0,Doctor,2.0,1,2.0,6
462365,1,1,85,1,Lawyer,1.0,2,2.0,6
462368,0,1,31,1,Artist,1.0,1,2.0,6
462370,1,1,39,1,Executive,4.0,2,3.0,6
462381,0,1,48,0,Doctor,1.0,2,2.0,6
462382,1,1,71,1,Lawyer,0.0,2,2.0,6
462384,0,0,31,1,Healthcare,,0,1.0,7
462386,0,0,32,1,Healthcare,0.0,0,5.0,6
462389,0,1,55,0,Engineer,0.0,0,1.0,6
462395,1,1,46,1,Artist,0.0,2,2.0,6
462396,1,1,53,1,Doctor,,1,2.0,6
462397,1,1,50,1,Artist,0.0,1,4.0,6
462400,1,0,45,1,Artist,1.0,0,1.0,6
462401,1,1,33,0,Executive,1.0,1,2.0,4
462409,0,1,29,0,Engineer,5.0,0,2.0,6
462411,1,0,35,1,Artist,8.0,0,1.0,6
462415,1,0,25,0,Doctor,1.0,0,1.0,6
462420,1,0,26,1,Healthcare,0.0,0,3.0,6
462421,1,0,48,1,Artist,1.0,0,2.0,6
462423,1,1,66,0,Lawyer,0.0,2,3.0,6
462424,0,1,38,0,Artist,0.0,0,3.0,6
462428,1,1,65,1,Entertainment,2.0,1,3.0,6
462429,1,1,87,0,Lawyer,1.0,0,1.0,6
462445,1,0,20,0,Healthcare,1.0,0,3.0,6
462446,1,0,19,0,Healthcare,0.0,0,4.0,6
462447,1,0,22,0,Healthcare,9.0,0,4.0,6
462450,1,0,18,0,Healthcare,0.0,0,,6
462451,1,0,18,0,Marketing,1.0,0,9.0,6
462452,1,0,19,0,Healthcare,0.0,0,,4
462454,1,0,19,0,Healthcare,1.0,0,3.0,2
462456,1,0,22,0,Healthcare,0.0,0,8.0,6
462457,1,0,31,0,Healthcare,4.0,0,4.0,6
462463,1,1,63,0,Artist,0.0,1,2.0,6
462472,1,0,43,1,Artist,1.0,0,1.0,6
462473,1,0,73,0,Engineer,0.0,0,,4
462485,0,1,39,0,Engineer,0.0,0,2.0,6
462488,1,0,31,1,Healthcare,1.0,0,5.0,6
462491,1,0,31,1,Artist,0.0,0,5.0,6
462492,1,1,43,0,Artist,0.0,1,4.0,2
462496,1,1,52,0,Artist,0.0,1,3.0,6
462498,0,1,63,1,Doctor,0.0,1,3.0,6
462503,1,1,51,1,Executive,1.0,2,4.0,6
462508,1,1,35,1,Healthcare,1.0,0,7.0,4
462512,0,1,32,0,Entertainment,,1,2.0,4
462517,0,1,39,1,Homemaker,9.0,2,4.0,6
462518,0,0,25,0,Healthcare,1.0,0,6.0,5
462519,1,0,20,0,Healthcare,0.0,0,5.0,4
462521,0,0,33,0,Homemaker,9.0,0,1.0,6
462522,1,1,36,0,Executive,0.0,1,5.0,4
462524,0,1,35,1,Doctor,,0,2.0,6
462525,0,1,42,1,Artist,1.0,1,2.0,6
462526,0,1,52,1,Artist,2.0,1,5.0,6
462529,0,1,42,1,Engineer,1.0,0,2.0,6
462531,0,1,57,0,Homemaker,,2,2.0,6
462533,0,0,30,1,Entertainment,1.0,0,3.0,6
462538,0,1,73,1,Lawyer,1.0,2,2.0,6
462541,1,1,66,1,Engineer,3.0,2,2.0,6
462542,0,1,62,1,Artist,9.0,1,5.0,2
462543,0,1,36,1,Artist,4.0,0,1.0,3
462545,1,0,33,0,Engineer,0.0,0,3.0,4
462554,1,0,28,0,Healthcare,0.0,0,8.0,4
462561,0,1,48,1,Artist,3.0,1,2.0,6
462563,0,1,53,1,Artist,1.0,1,2.0,6
462566,0,1,27,0,Doctor,1.0,0,,3
462577,0,1,71,0,Marketing,0.0,2,2.0,4
462578,1,1,35,1,Artist,9.0,1,2.0,4
462580,0,0,41,1,Artist,0.0,0,1.0,4
462584,0,1,39,0,Entertainment,0.0,0,4.0,4
462587,0,1,79,0,Lawyer,1.0,2,2.0,4
462589,0,0,29,0,Engineer,9.0,0,8.0,4
462595,0,0,33,1,Artist,7.0,0,7.0,4
462596,0,0,31,0,Healthcare,0.0,0,,4
462600,1,1,25,0,Engineer,4.0,1,3.0,4
462607,0,,43,0,Engineer,2.0,1,3.0,4
462609,0,1,52,0,Doctor,4.0,0,1.0,4
462611,1,1,41,0,Executive,0.0,2,7.0,4
462612,0,1,27,0,Doctor,,2,6.0,4
462613,0,1,39,0,Engineer,1.0,1,5.0,4
462615,1,0,32,0,Doctor,3.0,0,7.0,4
462617,1,0,19,0,Healthcare,1.0,0,5.0,4
462619,1,,58,0,,1.0,2,,4
462625,1,0,30,1,Artist,1.0,0,3.0,4
462626,0,0,31,1,Engineer,0.0,0,6.0,4
462632,0,1,43,0,Engineer,,1,4.0,4
462637,0,1,63,0,Marketing,,1,6.0,4
462643,0,1,37,1,Engineer,,1,3.0,4
462654,1,1,37,0,Artist,0.0,1,6.0,4
462658,0,1,31,1,Homemaker,9.0,1,2.0,
462668,0,0,38,1,Artist,4.0,0,1.0,6
462669,0,1,41,1,Entertainment,,2,6.0,6
462678,0,1,45,1,Artist,3.0,1,3.0,6
462680,1,1,35,1,Doctor,,1,4.0,6
462683,0,1,43,0,Engineer,1.0,0,5.0,1
462685,0,0,33,0,Healthcare,,0,3.0,4
462687,1,0,26,0,Homemaker,14.0,0,3.0,3
462692,0,1,39,0,Artist,,1,2.0,6
462696,1,1,49,0,Artist,1.0,2,2.0,6
462697,1,,47,0,,0.0,1,2.0,6
462702,1,1,53,0,Entertainment,1.0,1,4.0,4
462704,1,1,52,1,Executive,5.0,2,5.0,6
462705,0,1,66,0,Lawyer,0.0,1,2.0,6
462716,1,0,26,0,Entertainment,6.0,0,2.0,4
462720,1,1,38,1,Marketing,,0,5.0,6
462722,0,0,25,0,Homemaker,,0,4.0,6
462723,0,1,53,0,Artist,8.0,1,2.0,6
462727,0,1,87,0,Lawyer,0.0,2,2.0,6
462729,1,0,28,0,Healthcare,1.0,0,2.0,6
462731,0,1,37,1,Artist,7.0,2,3.0,6
462732,0,1,42,1,Artist,,0,1.0,6
462735,0,1,25,0,Artist,1.0,1,2.0,1
462736,0,1,33,0,Engineer,6.0,0,3.0,6
462738,0,0,33,1,Healthcare,,0,3.0,2
462739,1,1,46,1,Artist,1.0,0,2.0,6
462743,1,0,33,0,Healthcare,2.0,0,4.0,3
462746,1,0,26,0,Entertainment,1.0,0,3.0,6
462747,1,0,32,0,Doctor,6.0,0,4.0,6
462752,0,0,25,0,Healthcare,,0,1.0,6
462755,0,0,18,0,Healthcare,1.0,0,,6
462756,0,0,22,0,Engineer,0.0,0,4.0,6
462761,1,0,19,0,Healthcare,2.0,0,4.0,6
462762,1,1,46,1,Artist,0.0,2,4.0,6
462767,1,0,19,0,Healthcare,4.0,0,4.0,6
462768,1,1,45,1,Artist,0.0,1,3.0,6
462776,0,1,52,1,Engineer,1.0,1,3.0,6
462785,0,1,42,1,Engineer,,1,5.0,3
462788,1,1,47,0,Entertainment,1.0,1,3.0,3
462792,1,1,45,0,Homemaker,,1,4.0,6
462799,1,0,32,0,Healthcare,,0,,5
462804,1,1,41,0,Executive,5.0,2,3.0,4
462807,0,0,28,1,Homemaker,,0,1.0,6
462810,1,1,37,0,Executive,9.0,2,4.0,6
462814,0,1,20,0,Engineer,8.0,1,2.0,5
462817,0,1,73,1,Lawyer,3.0,0,1.0,6
462819,1,1,51,1,Artist,0.0,1,3.0,6
462823,1,1,18,1,Engineer,,1,4.0,6
462824,1,1,42,0,Engineer,1.0,1,3.0,4
462826,1,0,20,0,Healthcare,1.0,0,3.0,3
462827,0,0,23,0,Doctor,0.0,0,3.0,3
462834,1,1,31,1,Homemaker,2.0,0,2.0,1
462838,0,1,33,1,Homemaker,1.0,0,3.0,5
462841,1,0,21,0,Healthcare,9.0,0,6.0,6
462845,1,1,51,1,Doctor,5.0,1,7.0,6
462849,1,1,47,1,Artist,0.0,1,4.0,6
462850,1,0,20,0,Healthcare,0.0,0,4.0,6
462853,1,0,21,0,Healthcare,0.0,0,2.0,6
462854,1,0,22,0,Healthcare,1.0,0,3.0,6
462858,0,0,32,1,Engineer,9.0,0,4.0,6
462861,0,0,30,1,Healthcare,8.0,0,1.0,6
462866,1,1,61,1,Doctor,1.0,0,1.0,6
462868,1,1,43,0,Entertainment,0.0,1,4.0,4
462869,1,0,25,1,Doctor,8.0,0,1.0,6
462871,1,1,46,0,Entertainment,0.0,1,3.0,6
462872,0,1,53,0,Engineer,12.0,0,2.0,3
462874,1,1,55,1,Doctor,0.0,2,2.0,6
462887,0,1,42,0,Engineer,0.0,0,3.0,6
462890,0,0,26,1,Marketing,11.0,0,1.0,6
462891,1,0,29,0,Healthcare,0.0,0,3.0,6
462894,1,1,39,1,Artist,4.0,1,4.0,3
462900,1,1,38,1,Artist,1.0,1,3.0,6
462903,1,1,69,1,Entertainment,,1,2.0,6
462905,0,0,25,0,Artist,6.0,0,3.0,6
462914,0,0,26,1,Artist,4.0,0,4.0,6
462920,1,1,51,0,Executive,0.0,2,5.0,6
462923,1,1,30,0,Homemaker,8.0,1,2.0,6
462925,0,1,28,0,Homemaker,,1,2.0,3
462927,0,0,33,0,Homemaker,8.0,0,2.0,6
462936,0,0,41,1,Engineer,,0,1.0,6
462941,1,0,71,0,Lawyer,,0,2.0,6
462944,1,1,42,1,Executive,5.0,2,3.0,6
462951,1,1,71,1,Lawyer,2.0,0,1.0,6
462956,1,1,35,0,Artist,6.0,1,5.0,6
462958,1,0,28,0,Marketing,0.0,0,5.0,6
462963,1,1,31,1,Artist,1.0,1,2.0,3
462966,1,1,43,1,Artist,2.0,1,3.0,6
462968,0,1,77,0,Lawyer,0.0,2,2.0,6
462971,0,1,71,1,Engineer,0.0,0,1.0,6
462976,0,1,47,1,Engineer,0.0,1,2.0,6
462981,0,0,26,0,Homemaker,9.0,0,1.0,6
462982,1,1,40,0,Doctor,4.0,1,4.0,6
462983,0,1,72,1,Lawyer,0.0,2,2.0,6
462984,0,1,73,1,Artist,1.0,2,2.0,6
462986,1,0,26,1,Healthcare,1.0,0,6.0,3
462992,0,1,57,1,Engineer,,2,3.0,3
462993,1,1,30,0,Artist,,1,3.0,6
462994,0,1,36,0,Artist,,1,3.0,6
462998,1,1,52,0,Entertainment,10.0,1,4.0,6
463003,1,1,42,1,Artist,3.0,1,2.0,6
463012,1,1,52,0,Engineer,,0,1.0,6
463020,1,1,28,1,Artist,0.0,1,3.0,1
463023,0,1,43,0,Homemaker,7.0,0,1.0,6
463024,1,0,43,1,Artist,,0,1.0,6
463028,1,0,25,0,Doctor,0.0,0,4.0,6
463030,1,1,52,1,Executive,1.0,2,3.0,6
463034,0,0,28,1,Homemaker,9.0,0,1.0,6
463037,1,1,56,1,Entertainment,0.0,1,4.0,6
463039,1,1,38,0,Executive,12.0,2,7.0,6
463040,1,1,83,0,Lawyer,1.0,2,2.0,6
463044,1,1,82,1,Lawyer,,2,2.0,6
463047,1,1,32,1,Homemaker,8.0,0,,6
463051,0,0,35,1,Homemaker,12.0,0,1.0,6
463052,1,1,40,1,Marketing,0.0,0,2.0,6
463058,0,0,25,1,Homemaker,13.0,0,1.0,
463062,0,1,39,1,Artist,,1,3.0,6
463069,1,0,25,1,Artist,7.0,0,1.0,6
463075,1,1,52,1,Artist,0.0,0,4.0,6
463080,1,0,33,0,Artist,0.0,0,4.0,5
463083,1,0,28,1,Artist,6.0,0,3.0,6
463085,0,0,43,1,Artist,0.0,0,1.0,6
463086,1,0,30,1,Artist,8.0,0,,5
463088,0,1,84,1,Lawyer,1.0,2,2.0,6
463089,1,1,48,1,Executive,6.0,2,4.0,6
463090,0,1,55,0,Engineer,3.0,1,2.0,6
463091,0,1,37,1,Homemaker,8.0,0,1.0,6
463094,1,1,38,1,Engineer,11.0,1,3.0,6
463096,0,0,28,1,Doctor,,0,3.0,6
463099,1,1,86,1,Lawyer,,0,1.0,6
463100,0,0,35,0,Homemaker,9.0,0,1.0,6
463102,1,0,35,0,Entertainment,0.0,0,2.0,6
463104,0,1,46,0,Lawyer,0.0,0,1.0,6
463106,0,1,79,1,Lawyer,0.0,0,1.0,6
463108,1,1,63,1,Lawyer,5.0,2,2.0,6
463118,0,1,50,1,Doctor,,2,3.0,6
463120,0,0,35,1,Entertainment,0.0,0,1.0,6
463129,1,1,65,0,Doctor,,0,1.0,6
463133,1,1,50,0,Artist,0.0,1,4.0,6
463138,0,0,27,0,Homemaker,,0,,3
463144,1,1,45,1,Executive,0.0,2,3.0,6
463145,0,0,36,1,Homemaker,0.0,0,4.0,6
463146,1,1,43,0,Entertainment,11.0,1,2.0,6
463148,1,1,62,1,Marketing,1.0,2,5.0,6
463149,1,1,57,1,Artist,2.0,1,2.0,6
463150,1,0,51,0,Marketing,9.0,0,1.0,6
463151,1,1,59,1,Artist,0.0,0,1.0,3
463154,0,1,27,0,Artist,0.0,0,4.0,6
463156,0,1,83,0,Lawyer,,2,2.0,6
463157,1,1,50,1,Entertainment,6.0,0,3.0,6
463158,1,1,75,1,Executive,1.0,2,3.0,6
463163,1,0,28,0,Executive,2.0,0,2.0,3
463164,1,1,39,1,Artist,9.0,1,2.0,6
463165,0,1,69,1,Doctor,0.0,1,2.0,6
463166,0,0,41,1,Artist,1.0,0,1.0,4
463170,0,,28,1,Healthcare,0.0,0,5.0,3
463171,0,1,39,0,Entertainment,1.0,2,3.0,3
463173,1,0,47,1,Artist,0.0,0,1.0,3
463174,0,1,62,1,Engineer,1.0,0,1.0,3
463175,0,,41,0,Engineer,0.0,0,4.0,3
463181,1,1,49,1,Doctor,5.0,1,3.0,5
463187,0,1,52,1,Artist,8.0,0,2.0,6
463192,0,1,48,0,Entertainment,2.0,1,,4
463195,0,0,26,1,Healthcare,7.0,0,2.0,3
463196,0,1,72,1,Engineer,1.0,0,1.0,6
463199,0,1,47,1,Artist,0.0,0,3.0,4
463201,0,0,19,0,Healthcare,1.0,0,2.0,4
463203,0,0,21,0,Healthcare,1.0,0,3.0,7
463204,1,0,39,0,Entertainment,1.0,0,1.0,6
463209,0,0,52,1,Artist,0.0,0,1.0,6
463218,1,1,37,0,Entertainment,8.0,1,3.0,6
463219,1,1,51,0,Entertainment,0.0,0,2.0,6
463220,1,1,48,0,Engineer,1.0,1,3.0,6
463221,1,0,22,0,Healthcare,,0,3.0,6
463224,1,1,47,1,Executive,1.0,2,4.0,6
463240,0,1,45,0,Engineer,0.0,1,3.0,6
463242,0,0,29,0,Engineer,5.0,0,2.0,6
463244,0,1,47,0,Doctor,1.0,0,1.0,6
463245,1,1,41,1,Entertainment,8.0,1,2.0,6
463248,0,1,32,0,Homemaker,9.0,1,4.0,2
463251,1,1,31,0,Marketing,2.0,0,3.0,6
463256,1,0,20,0,Marketing,1.0,0,3.0,6
463258,0,1,46,1,Artist,0.0,1,3.0,6
463260,1,1,70,1,Lawyer,3.0,0,1.0,6
463265,1,1,65,1,Artist,1.0,1,3.0,6
463266,0,1,68,,Artist,1.0,1,2.0,6
463267,1,1,29,0,Homemaker,9.0,0,1.0,4
463269,1,1,41,1,Entertainment,3.0,1,2.0,3
463270,1,1,50,0,Executive,0.0,0,5.0,
463273,1,1,38,1,Entertainment,9.0,1,2.0,3
463276,1,1,37,0,Executive,,1,2.0,3
463277,0,1,30,0,Engineer,6.0,0,2.0,3
463278,0,1,63,1,Engineer,1.0,0,1.0,3
463280,1,1,42,1,Artist,6.0,1,2.0,3
463292,1,1,41,0,Executive,0.0,2,3.0,6
463302,0,1,60,1,Engineer,,2,4.0,6
463308,1,1,46,1,Engineer,1.0,0,2.0,3
463316,0,1,83,0,Lawyer,0.0,2,2.0,6
463323,1,1,27,1,Healthcare,3.0,0,2.0,6
463324,0,0,22,0,Healthcare,1.0,0,4.0,2
463330,1,0,20,0,Healthcare,0.0,0,4.0,6
463332,0,1,40,1,Engineer,0.0,0,2.0,6
463334,0,0,28,1,Doctor,0.0,0,6.0,4
463335,1,0,28,1,Doctor,,0,1.0,4
463338,1,1,28,0,Entertainment,0.0,0,2.0,3
463340,0,0,20,0,Healthcare,0.0,0,4.0,3
463341,0,1,53,0,Engineer,0.0,1,6.0,3
463348,0,1,35,1,Doctor,0.0,0,2.0,6
463351,0,0,21,,Healthcare,3.0,0,4.0,5
463356,1,0,30,1,Healthcare,6.0,0,4.0,2
463360,0,1,46,1,Artist,2.0,0,1.0,6
463367,0,0,36,1,Engineer,3.0,0,4.0,2
463368,0,1,38,1,Artist,4.0,2,3.0,2
463372,0,1,26,0,Marketing,1.0,1,2.0,
463375,0,1,45,1,Doctor,1.0,0,1.0,4
463376,0,1,46,1,Executive,5.0,2,2.0,6
463378,1,0,25,1,Doctor,0.0,0,1.0,3
463379,1,0,27,0,Marketing,0.0,0,7.0,6
463386,0,1,42,1,Doctor,6.0,0,1.0,3
463387,1,,20,0,Marketing,3.0,0,2.0,3
463391,1,1,55,1,Doctor,6.0,0,1.0,3
463395,1,0,25,0,Marketing,,0,1.0,6
463404,1,1,27,0,Doctor,,2,2.0,3
463406,1,0,31,0,Marketing,0.0,0,4.0,3
463409,0,1,38,0,Entertainment,6.0,1,5.0,2
463411,1,1,43,1,Entertainment,,1,2.0,6
463420,0,1,59,1,Artist,2.0,2,3.0,6
463423,1,1,61,0,Executive,1.0,1,3.0,6
463427,0,1,27,1,Engineer,1.0,0,2.0,6
463428,1,1,26,0,Executive,1.0,2,5.0,6
463431,1,1,39,1,Artist,,1,4.0,4
463437,1,1,51,1,Artist,0.0,1,3.0,6
463438,1,1,47,0,Entertainment,0.0,1,3.0,6
463443,1,1,52,1,Artist,1.0,1,4.0,6
463444,1,1,59,1,Lawyer,,2,2.0,6
463447,1,1,57,0,Engineer,1.0,1,2.0,6
463452,0,1,86,1,Lawyer,1.0,2,2.0,6
463460,1,1,49,1,Artist,,1,2.0,6
463461,1,0,30,0,Doctor,,0,4.0,4
463462,0,1,43,0,Engineer,0.0,1,4.0,6
463470,1,0,19,0,Healthcare,,0,5.0,2
463472,1,0,20,0,Healthcare,,0,4.0,6
463473,1,0,19,0,Healthcare,,0,3.0,6
463475,0,1,43,1,Doctor,0.0,0,1.0,6
463477,1,0,31,0,Healthcare,0.0,0,4.0,4
463483,1,1,30,0,Executive,1.0,2,2.0,6
463491,1,1,27,1,Doctor,8.0,1,3.0,6
463493,1,1,36,1,Executive,,2,4.0,6
463499,1,1,47,1,Executive,0.0,0,2.0,6
463500,1,1,35,1,Executive,1.0,2,4.0,6
463503,1,1,25,1,Entertainment,0.0,0,2.0,7
463508,0,1,25,0,Artist,0.0,0,3.0,6
463509,1,0,38,0,Artist,1.0,0,1.0,3
463512,0,0,32,0,Engineer,0.0,0,3.0,6
463516,1,1,48,0,Executive,1.0,2,6.0,6
463527,0,0,38,0,Artist,10.0,0,1.0,6
463528,1,1,70,0,Executive,,2,2.0,6
463529,1,0,42,1,Marketing,,0,1.0,6
463533,0,1,85,1,Artist,1.0,2,2.0,2
463537,0,0,25,1,Healthcare,1.0,0,3.0,6
463545,0,0,31,1,Doctor,1.0,0,2.0,4
463548,0,0,20,0,Healthcare,3.0,0,4.0,4
463550,0,1,37,1,Artist,0.0,1,2.0,4
463553,1,0,33,1,Artist,8.0,0,2.0,6
463554,0,0,52,0,Artist,5.0,0,1.0,6
463557,1,0,26,1,Doctor,0.0,0,3.0,6
463560,0,0,21,0,Healthcare,9.0,0,5.0,4
463561,0,0,42,1,Engineer,0.0,0,1.0,6
463566,0,1,35,1,Homemaker,,1,4.0,2
463572,1,1,39,1,Artist,0.0,1,4.0,6
463577,0,1,41,1,Doctor,1.0,1,2.0,6
463586,0,0,18,0,Healthcare,1.0,0,5.0,6
463588,1,0,22,0,Healthcare,0.0,0,1.0,6
463598,0,1,25,0,Engineer,2.0,0,2.0,6
463601,0,0,20,0,Healthcare,4.0,0,5.0,
463603,0,0,18,0,Entertainment,0.0,0,4.0,2
463605,0,0,20,0,Healthcare,1.0,0,5.0,5
463606,1,0,21,0,Marketing,0.0,0,4.0,2
463614,0,0,25,0,Healthcare,1.0,0,4.0,3
463615,0,1,60,1,Artist,,1,2.0,6
463616,0,1,46,0,Engineer,0.0,1,5.0,3
463619,1,1,68,0,Executive,1.0,2,2.0,6
463620,1,0,21,0,Healthcare,1.0,0,4.0,2
463623,1,0,27,1,Doctor,0.0,0,3.0,6
463624,1,1,59,1,Executive,1.0,2,4.0,6
463628,0,0,26,1,Artist,8.0,0,1.0,6
463632,1,1,26,1,Artist,0.0,1,2.0,6
463638,0,1,32,0,Doctor,1.0,1,2.0,7
463639,1,0,33,0,Healthcare,0.0,0,6.0,6
463640,1,0,28,1,Healthcare,0.0,0,3.0,6
463644,0,0,30,1,Healthcare,0.0,0,3.0,7
463652,0,0,32,1,Artist,,0,1.0,6
463654,0,0,41,0,Engineer,3.0,0,3.0,3
463655,1,1,42,1,Artist,13.0,0,2.0,6
463661,0,1,45,1,Doctor,1.0,1,4.0,6
463663,0,0,39,1,,1.0,0,2.0,6
463664,0,0,29,0,Engineer,0.0,0,1.0,6
463665,1,1,46,1,Entertainment,1.0,1,3.0,6
463669,0,1,26,1,Marketing,5.0,2,4.0,2
463670,0,0,26,1,Healthcare,,0,4.0,6
463689,0,1,41,1,Doctor,1.0,0,,6
463699,0,1,38,1,Marketing,9.0,0,3.0,6
463703,1,1,69,0,Executive,1.0,2,4.0,6
463704,1,0,46,1,Artist,0.0,0,2.0,6
463707,0,0,40,0,Artist,0.0,0,1.0,5
463713,1,0,25,0,Engineer,9.0,0,3.0,4
463714,1,1,59,0,,1.0,1,2.0,4
463716,1,0,26,0,Doctor,1.0,0,4.0,6
463718,0,0,33,1,Artist,0.0,0,4.0,6
463722,1,1,56,1,Executive,8.0,2,2.0,6
463724,1,0,30,0,Healthcare,0.0,0,5.0,4
463726,0,0,26,0,Healthcare,0.0,0,3.0,6
463727,0,0,28,0,Doctor,0.0,0,5.0,3
463728,0,1,28,0,Doctor,0.0,1,6.0,6
463732,1,0,20,0,Healthcare,1.0,0,4.0,6
463734,1,1,41,0,Executive,1.0,1,3.0,6
463741,1,1,37,1,Artist,0.0,2,3.0,6
463745,1,1,59,1,Artist,1.0,1,3.0,3
463747,0,1,43,1,Artist,0.0,1,2.0,6
463748,1,0,20,0,Healthcare,1.0,0,3.0,6
463753,0,0,30,1,Healthcare,1.0,0,5.0,2
463756,1,1,66,0,Executive,0.0,1,2.0,6
463761,1,1,28,1,Artist,1.0,1,3.0,6
463764,1,1,49,1,Entertainment,0.0,1,3.0,6
463766,0,1,61,1,Artist,0.0,1,3.0,
463767,1,1,27,1,Artist,9.0,1,2.0,6
463768,0,1,35,0,Engineer,1.0,0,1.0,4
463774,1,1,33,1,Healthcare,0.0,1,2.0,6
463776,0,1,36,1,Artist,2.0,1,2.0,6
463782,0,0,27,1,Artist,9.0,0,1.0,6
463783,0,0,29,0,Healthcare,,0,,
463784,0,0,31,0,Engineer,1.0,0,5.0,4
463785,0,0,30,0,Healthcare,0.0,0,4.0,4
463786,0,1,43,1,Artist,,1,2.0,6
463790,1,1,47,0,Executive,1.0,0,4.0,4
463792,0,0,42,0,Engineer,,0,1.0,6
463794,0,0,33,1,Healthcare,,0,5.0,2
463799,0,0,36,1,Artist,1.0,0,4.0,2
463800,0,0,30,1,Engineer,1.0,0,3.0,6
463804,1,1,60,1,Artist,9.0,0,1.0,6
463807,0,0,32,1,Healthcare,0.0,0,3.0,4
463811,0,1,32,1,Artist,0.0,1,2.0,4
463814,0,0,28,0,Healthcare,7.0,0,3.0,5
463816,1,1,46,1,Healthcare,2.0,2,4.0,7
463818,0,1,38,1,Artist,4.0,0,1.0,6
463819,1,1,28,,Artist,8.0,0,,6
463821,1,1,30,1,Entertainment,7.0,0,2.0,6
463825,0,1,52,1,Artist,0.0,1,3.0,
463827,0,1,46,1,Engineer,1.0,1,4.0,6
463828,1,1,37,0,Engineer,0.0,1,2.0,1
463830,0,0,25,1,Engineer,2.0,0,3.0,6
463834,0,1,43,1,Engineer,1.0,1,4.0,6
463835,1,0,32,0,Marketing,0.0,0,4.0,6
463842,0,1,50,1,Engineer,1.0,2,4.0,6
463847,1,1,43,0,Artist,3.0,1,3.0,6
463856,1,1,37,1,Artist,0.0,1,2.0,4
463857,1,1,61,0,Healthcare,0.0,2,4.0,7
463859,1,1,39,1,Artist,5.0,1,2.0,6
463865,1,1,46,1,Artist,1.0,1,5.0,6
463877,1,1,37,0,Entertainment,0.0,1,4.0,4
463880,0,1,36,0,Engineer,0.0,0,3.0,2
463884,0,0,28,0,Artist,0.0,0,1.0,6
463891,1,1,86,1,Lawyer,0.0,0,1.0,6
463892,1,0,42,1,Artist,8.0,0,1.0,6
463904,1,1,82,1,Executive,1.0,0,1.0,6
463917,0,0,18,0,Healthcare,1.0,0,8.0,4
463923,0,0,18,0,Engineer,0.0,0,4.0,6
463924,0,0,36,1,Artist,1.0,0,1.0,5
463926,0,0,26,0,Engineer,1.0,0,6.0,6
463931,1,1,49,1,Entertainment,1.0,1,2.0,6
463932,0,1,69,1,Artist,1.0,1,3.0,6
463941,0,0,29,0,Artist,1.0,0,6.0,4
463943,1,0,68,1,Entertainment,1.0,0,2.0,6
463946,1,0,33,0,Healthcare,4.0,0,3.0,4
463948,1,1,38,0,Executive,3.0,2,5.0,6
463951,1,1,52,0,Entertainment,1.0,1,3.0,6
463955,1,1,28,1,Artist,1.0,0,2.0,6
463958,0,0,27,0,Healthcare,1.0,0,5.0,2
463961,0,0,28,0,Engineer,0.0,0,4.0,4
463963,0,1,25,0,Engineer,7.0,2,3.0,6
463966,0,0,30,1,Artist,8.0,0,1.0,6
463978,1,1,40,1,Artist,1.0,1,3.0,2
463980,0,0,25,1,Artist,0.0,0,9.0,6
463981,0,0,30,1,Artist,5.0,0,1.0,
463983,0,1,43,0,Engineer,0.0,1,2.0,4
463986,0,0,26,1,Artist,1.0,0,4.0,6
463997,0,1,37,0,Entertainment,0.0,1,3.0,6
464000,0,0,28,0,Healthcare,1.0,0,5.0,7
464004,0,1,31,0,Marketing,1.0,0,5.0,4
464007,1,1,46,1,Artist,1.0,0,3.0,6
464009,0,1,47,1,Artist,5.0,1,4.0,6
464010,1,0,28,0,Healthcare,1.0,0,4.0,6
464013,1,0,30,0,Healthcare,0.0,0,1.0,6
464016,0,,29,1,Entertainment,1.0,2,1.0,1
464019,1,0,23,0,Artist,2.0,0,5.0,6
464021,0,0,22,0,Healthcare,1.0,0,5.0,6
464023,1,0,20,0,Healthcare,1.0,0,5.0,7
464030,1,0,22,0,Entertainment,1.0,0,4.0,6
464031,0,0,19,0,Healthcare,0.0,0,4.0,6
464032,1,0,21,0,Healthcare,1.0,0,3.0,6
464033,0,0,19,0,Healthcare,0.0,0,4.0,6
464039,1,0,39,1,Artist,1.0,0,2.0,6
464042,0,1,38,1,Artist,8.0,0,2.0,6
464046,1,0,33,1,Healthcare,3.0,0,1.0,6
464048,0,0,38,1,Homemaker,4.0,0,1.0,6
464049,0,0,29,1,Healthcare,0.0,0,3.0,6
464053,0,1,35,0,Entertainment,4.0,0,1.0,6
464054,1,1,32,1,Artist,9.0,1,2.0,6
464059,1,1,59,1,Artist,0.0,0,1.0,6
464063,0,0,32,1,Doctor,0.0,0,1.0,6
464066,0,0,29,1,Healthcare,8.0,0,3.0,4
464067,0,0,31,1,Entertainment,0.0,0,4.0,2
464068,1,1,59,0,Executive,0.0,2,4.0,6
464071,1,1,87,1,Lawyer,0.0,2,2.0,6
464072,1,1,53,1,Executive,0.0,0,2.0,6
464076,1,1,83,0,Lawyer,0.0,2,2.0,6
464084,1,0,33,0,Healthcare,1.0,0,5.0,4
464087,0,0,26,0,Engineer,,0,4.0,6
464089,0,1,39,1,Artist,7.0,2,5.0,
464096,0,0,27,0,Healthcare,1.0,0,5.0,4
464099,0,1,42,1,Artist,5.0,1,2.0,4
464103,1,1,46,1,Artist,4.0,1,2.0,6
464110,1,1,63,1,Doctor,0.0,2,2.0,6
464112,1,0,32,1,Doctor,1.0,0,2.0,6
464115,0,0,38,1,Engineer,0.0,0,3.0,6
464118,1,0,38,1,Entertainment,1.0,0,2.0,6
464121,0,1,63,1,Engineer,1.0,0,1.0,6
464123,0,0,45,1,Artist,1.0,0,1.0,6
464127,0,0,33,1,Healthcare,1.0,0,5.0,2
464132,1,0,27,0,Entertainment,0.0,0,2.0,6
464137,0,1,87,0,Artist,7.0,2,2.0,7
464139,0,0,25,0,Healthcare,14.0,0,1.0,6
464144,1,1,61,1,Artist,0.0,1,4.0,6
464152,1,1,41,1,Artist,1.0,2,4.0,6
464162,1,1,86,1,Lawyer,,2,2.0,6
464167,1,1,51,1,Executive,4.0,2,3.0,6
464169,1,,83,0,Lawyer,0.0,2,2.0,6
464172,1,1,60,1,Artist,3.0,2,3.0,6
464173,1,1,65,1,Artist,6.0,1,3.0,6
464175,0,0,32,0,Healthcare,1.0,0,,6
464176,0,1,41,1,Artist,1.0,0,1.0,6
464179,0,1,56,1,Artist,0.0,1,3.0,6
464180,0,1,74,0,Lawyer,1.0,2,2.0,6
464182,1,1,39,1,Artist,4.0,1,2.0,2
464183,0,0,42,0,Artist,2.0,0,2.0,6
464185,1,1,68,1,Artist,5.0,2,2.0,6
464195,1,0,30,1,Artist,1.0,0,1.0,6
464200,0,0,32,0,Healthcare,1.0,0,3.0,6
464202,1,1,43,1,Artist,13.0,0,1.0,6
464204,0,1,40,1,Artist,3.0,2,2.0,5
464205,0,1,87,0,Entertainment,0.0,2,2.0,6
464206,1,1,43,0,Entertainment,1.0,0,2.0,6
464211,1,1,48,1,Doctor,1.0,1,3.0,2
464212,0,1,58,1,Marketing,0.0,1,2.0,6
464216,1,1,52,1,Artist,,2,3.0,6
464217,0,0,30,0,Healthcare,14.0,0,3.0,6
464223,0,1,53,1,Artist,2.0,0,2.0,6
464226,0,1,56,1,Artist,3.0,1,3.0,6
464231,1,1,48,1,Artist,1.0,1,4.0,6
464232,1,1,28,0,Doctor,1.0,0,5.0,6
464246,0,1,61,1,Artist,0.0,1,2.0,6
464254,1,1,62,1,Entertainment,1.0,1,3.0,6
464255,0,1,49,1,Artist,1.0,1,5.0,4
464257,1,1,40,,Entertainment,0.0,2,2.0,6
464265,1,1,62,1,Entertainment,1.0,0,2.0,6
464269,1,0,35,1,Entertainment,1.0,0,,1
464270,0,0,48,1,Artist,4.0,0,1.0,6
464271,0,1,36,1,Artist,1.0,1,3.0,2
464274,0,1,56,1,Artist,1.0,1,5.0,6
464276,0,1,66,0,Marketing,0.0,2,2.0,1
464283,1,0,40,1,Artist,6.0,0,2.0,6
464286,0,1,57,1,Artist,0.0,1,2.0,6
464287,1,1,42,1,Artist,,1,3.0,2
464289,1,1,35,0,Marketing,1.0,0,3.0,6
464292,1,1,58,1,Artist,0.0,1,2.0,6
464297,1,0,29,0,Artist,8.0,0,5.0,5
464298,1,0,26,0,Doctor,0.0,0,1.0,6
464308,0,1,84,1,Lawyer,1.0,2,2.0,6
464318,1,1,86,1,Executive,0.0,0,1.0,6
464320,1,1,77,0,Lawyer,1.0,2,2.0,6
464326,0,0,37,1,Artist,0.0,0,3.0,6
464332,1,1,74,0,Executive,0.0,2,2.0,6
464339,1,0,27,0,Artist,1.0,0,2.0,6
464344,0,1,56,1,Artist,0.0,0,1.0,6
464351,0,0,27,1,Healthcare,0.0,0,1.0,6
464364,1,1,39,1,Artist,7.0,1,2.0,6
464368,1,1,35,1,Entertainment,3.0,1,2.0,6
464370,1,1,66,1,Entertainment,1.0,1,2.0,6
464373,0,0,47,1,Artist,0.0,0,2.0,6
464378,0,1,36,1,Artist,8.0,1,2.0,6
464381,1,1,43,1,Artist,4.0,1,2.0,6
464382,0,1,55,1,Artist,0.0,1,4.0,6
464386,1,1,41,1,Doctor,0.0,1,3.0,6
464387,0,0,26,1,Artist,9.0,0,5.0,6
464389,1,1,72,1,Artist,0.0,2,2.0,2
464392,1,1,59,,Artist,0.0,1,2.0,6
464396,1,1,38,1,Entertainment,1.0,1,3.0,6
464412,1,1,72,0,Lawyer,1.0,0,2.0,6
464424,1,0,31,1,Healthcare,1.0,0,4.0,6
464425,1,0,41,1,Artist,9.0,0,1.0,6
464432,1,0,25,0,Engineer,9.0,0,2.0,3
464433,1,0,29,1,Artist,,0,,2
464436,1,1,83,1,Lawyer,0.0,2,2.0,4
464437,0,1,51,1,Engineer,0.0,1,4.0,6
464441,1,1,40,1,Artist,0.0,0,2.0,2
464451,0,1,76,1,Artist,0.0,1,2.0,6
464456,1,1,29,1,Artist,1.0,0,4.0,6
464468,1,1,46,1,Artist,1.0,0,3.0,6
464473,0,1,58,1,Artist,0.0,1,4.0,6
464474,0,0,46,1,Artist,1.0,0,1.0,6
464478,0,1,74,0,Lawyer,0.0,2,2.0,6
464481,1,1,53,1,Executive,1.0,2,3.0,6
464482,1,1,63,1,Artist,1.0,0,1.0,6
464483,0,1,49,1,Artist,1.0,1,3.0,6
464485,1,0,25,1,Entertainment,5.0,0,2.0,3
464487,1,0,46,0,Engineer,1.0,0,3.0,4
464488,0,0,43,1,Artist,7.0,0,9.0,6
464494,0,1,58,1,Artist,1.0,1,4.0,3
464499,1,1,41,1,Executive,1.0,2,4.0,6
464501,0,0,28,0,Healthcare,1.0,0,3.0,6
464504,1,0,26,1,Healthcare,0.0,0,4.0,6
464506,1,0,29,1,Healthcare,9.0,0,2.0,4
464517,1,0,33,1,Healthcare,0.0,0,,5
464522,0,0,39,1,Engineer,14.0,0,1.0,6
464526,1,1,51,1,Entertainment,0.0,1,4.0,6
464528,1,1,46,1,Entertainment,4.0,2,4.0,2
464533,1,1,38,0,Executive,,2,6.0,6
464536,1,1,26,1,Artist,1.0,1,3.0,6
464540,0,1,42,1,Engineer,1.0,1,4.0,4
464544,0,1,43,1,Entertainment,5.0,1,3.0,6
464549,1,1,53,1,Executive,1.0,0,4.0,6
464550,1,1,46,1,Artist,,0,4.0,6
464552,0,1,40,1,Artist,1.0,1,3.0,4
464553,1,1,71,1,Artist,1.0,0,2.0,6
464555,1,1,32,1,Marketing,13.0,2,4.0,4
464560,1,0,41,1,Entertainment,9.0,0,2.0,6
464561,0,0,46,1,Entertainment,8.0,0,2.0,6
464566,1,1,40,1,Executive,0.0,2,4.0,6
464569,1,0,29,0,Doctor,1.0,0,5.0,6
464570,1,1,25,1,Doctor,1.0,1,2.0,6
464572,0,1,52,1,Marketing,0.0,0,1.0,6
464576,1,0,30,1,Doctor,9.0,0,5.0,6
464577,0,1,25,1,Healthcare,12.0,2,2.0,6
464580,1,0,32,0,Artist,9.0,0,4.0,6
464581,0,0,33,0,Doctor,,0,4.0,6
464586,0,0,49,1,Artist,1.0,0,1.0,3
464593,0,0,43,1,Doctor,1.0,0,4.0,2
464594,1,1,48,1,Artist,1.0,0,1.0,2
464597,1,0,41,0,Artist,5.0,0,2.0,6
464601,0,0,29,1,Healthcare,9.0,0,2.0,6
464603,0,0,35,1,Artist,0.0,0,2.0,3
464606,1,1,41,1,Artist,1.0,1,2.0,6
464607,0,1,47,1,Artist,1.0,1,4.0,2
464608,0,1,53,1,Artist,1.0,1,3.0,6
464618,1,,40,1,Artist,5.0,0,1.0,6
464620,0,1,40,1,Artist,0.0,2,2.0,6
464621,1,1,46,1,Artist,0.0,0,1.0,6
464637,0,0,36,1,Marketing,,0,4.0,4
464641,0,1,71,1,Lawyer,2.0,0,6.0,1
464652,0,1,30,0,Engineer,5.0,1,2.0,4
464654,0,1,40,0,Engineer,1.0,1,4.0,4
464664,1,1,43,0,Entertainment,0.0,1,5.0,4
464666,1,1,40,1,Entertainment,3.0,1,3.0,4
464670,1,1,39,0,Entertainment,1.0,1,4.0,4
464673,1,1,49,0,Executive,1.0,2,7.0,2
464674,1,1,51,0,Artist,0.0,1,5.0,4
464675,0,1,39,0,Doctor,1.0,1,9.0,4
464677,1,1,23,0,Healthcare,1.0,0,5.0,4
464683,1,1,53,0,Engineer,0.0,1,6.0,4
464684,0,0,35,0,Engineer,9.0,0,5.0,4
464685,1,0,35,0,Executive,2.0,0,4.0,4
464688,1,1,30,1,Doctor,1.0,0,9.0,4
464690,1,1,39,0,Engineer,2.0,1,,4
464691,1,0,38,1,Artist,1.0,0,3.0,4
464692,0,0,53,0,Marketing,0.0,0,1.0,3
464693,0,0,36,1,Engineer,8.0,0,1.0,4
464695,1,0,33,0,Engineer,0.0,0,4.0,4
464696,0,0,40,1,Engineer,1.0,0,1.0,4
464697,0,1,36,1,Artist,0.0,1,4.0,4
464699,1,0,31,0,Doctor,1.0,0,5.0,4
464701,1,0,31,0,Doctor,1.0,0,2.0,4
464704,1,1,41,1,Healthcare,0.0,1,4.0,4
464707,1,1,48,0,,0.0,1,4.0,4
464711,0,1,38,1,Artist,5.0,1,3.0,1
464712,1,1,49,0,Artist,1.0,0,5.0,4
464722,1,1,42,1,Doctor,1.0,0,,4
464726,1,1,28,1,Executive,14.0,2,9.0,4
464728,1,1,51,0,Entertainment,0.0,2,4.0,4
464732,1,1,41,0,Artist,1.0,1,2.0,4
464737,0,1,57,0,Engineer,0.0,1,6.0,4
464739,1,1,67,1,Artist,0.0,0,1.0,4
464746,1,1,29,0,Executive,3.0,1,5.0,4
464752,0,1,46,,Marketing,,0,1.0,4
464755,1,1,49,1,Artist,0.0,2,2.0,6
464756,0,0,28,0,Engineer,6.0,0,3.0,4
464758,0,1,48,0,Engineer,1.0,1,4.0,4
464760,0,1,51,0,Engineer,5.0,1,4.0,4
464765,0,1,48,0,Engineer,5.0,1,6.0,4
464766,0,1,48,0,Engineer,5.0,1,5.0,4
464769,0,,52,0,Engineer,9.0,1,4.0,4
464772,0,1,39,0,Engineer,8.0,1,4.0,4
464774,0,1,50,0,Engineer,7.0,1,5.0,4
464780,0,0,33,0,Engineer,1.0,0,9.0,4
464790,0,0,35,1,Artist,,0,1.0,4
464792,1,1,30,0,Marketing,2.0,2,5.0,4
464794,0,1,46,0,Engineer,8.0,1,,4
464799,1,0,36,0,Marketing,0.0,0,4.0,4
464802,1,0,43,0,Entertainment,0.0,0,1.0,4
464804,1,1,26,0,Entertainment,1.0,0,1.0,4
464806,1,1,33,0,Executive,0.0,0,2.0,4
464809,1,1,50,,Entertainment,,1,5.0,4
464812,0,1,49,1,Engineer,1.0,2,5.0,4
464813,1,1,48,1,Engineer,6.0,1,5.0,6
464817,1,0,31,1,Artist,5.0,0,1.0,4
464818,0,1,38,0,Engineer,,1,2.0,4
464825,0,0,21,0,Healthcare,5.0,0,1.0,4
464827,0,1,50,0,Entertainment,8.0,1,5.0,4
464828,1,0,23,0,Healthcare,9.0,0,6.0,4
464831,0,1,21,0,Healthcare,0.0,0,2.0,4
464832,1,1,71,0,Lawyer,1.0,0,,4
464835,1,0,20,0,Healthcare,0.0,0,6.0,4
464836,0,,32,0,Engineer,7.0,2,5.0,4
464845,1,1,29,0,Engineer,0.0,1,3.0,4
464849,1,1,42,1,Artist,0.0,1,4.0,4
464851,1,0,20,0,Doctor,0.0,0,6.0,4
464852,1,1,36,0,Executive,1.0,0,6.0,4
464854,0,1,42,0,Engineer,0.0,2,6.0,4
464857,1,0,18,0,Healthcare,7.0,0,4.0,4
464861,1,0,25,0,Homemaker,,0,2.0,4
464864,0,0,30,0,Engineer,10.0,0,8.0,4
464865,0,0,28,0,Homemaker,9.0,0,9.0,4
464868,1,1,42,1,Entertainment,7.0,0,6.0,4
464872,1,1,38,1,Artist,1.0,0,4.0,4
464873,1,1,42,1,Artist,1.0,1,2.0,4
464876,0,1,52,0,Engineer,,1,5.0,4
464879,0,1,29,1,Doctor,0.0,1,2.0,4
464884,1,1,40,1,Artist,1.0,0,2.0,4
464885,0,0,38,0,Engineer,1.0,0,2.0,4
464886,1,1,37,1,Engineer,1.0,1,4.0,4
464902,0,1,65,0,Lawyer,1.0,0,1.0,4
464905,1,,81,0,Executive,,2,2.0,4
464907,1,,59,1,Engineer,0.0,1,2.0,4
464910,0,1,47,1,Artist,1.0,1,5.0,4
464911,1,1,57,1,Artist,0.0,1,3.0,4
464915,1,1,39,1,Executive,,2,4.0,4
464916,0,,32,,Doctor,8.0,2,2.0,4
464919,1,1,37,1,Artist,9.0,0,1.0,4
464920,1,0,39,1,Artist,4.0,0,1.0,4
464921,1,1,39,0,Doctor,1.0,1,5.0,4
464925,1,,60,0,Executive,7.0,1,2.0,4
464927,0,1,70,1,Artist,1.0,1,2.0,4
464932,1,1,51,1,Executive,9.0,0,1.0,4
464938,1,1,48,0,Artist,1.0,0,3.0,4
464939,1,0,43,0,Entertainment,0.0,0,1.0,4
464940,0,1,29,0,Engineer,1.0,0,2.0,4
464944,0,1,43,1,Entertainment,0.0,0,2.0,4
464947,1,0,25,0,Doctor,5.0,0,1.0,4
464957,0,1,75,0,Lawyer,0.0,0,1.0,4
464960,0,0,22,0,Healthcare,0.0,0,5.0,4
464961,1,1,86,0,Marketing,1.0,0,1.0,4
464963,0,1,50,1,Entertainment,1.0,0,2.0,4
464972,1,1,73,0,Lawyer,1.0,2,9.0,4
464973,1,0,87,,Lawyer,1.0,0,2.0,4
464981,1,1,49,1,Artist,0.0,1,4.0,6
464987,1,1,46,1,Executive,1.0,2,5.0,6
464990,1,1,73,0,Executive,0.0,2,2.0,6
464991,0,1,87,1,Lawyer,1.0,2,2.0,6
464995,1,1,53,0,Executive,2.0,2,4.0,4
465001,1,1,84,1,Lawyer,1.0,2,2.0,6
465005,1,1,47,1,Executive,3.0,2,3.0,6
465012,1,1,59,0,Executive,1.0,2,4.0,6
465014,1,1,82,0,Lawyer,1.0,0,1.0,6
465022,0,1,71,1,Lawyer,0.0,2,2.0,6
465023,1,1,39,1,Artist,9.0,1,2.0,2
465026,0,0,25,0,Doctor,0.0,0,2.0,6
465032,1,1,67,1,Executive,1.0,2,2.0,6
465035,0,1,83,1,Lawyer,13.0,2,2.0,6
465038,1,1,49,0,Executive,0.0,2,4.0,6
465039,0,1,87,0,Lawyer,0.0,2,2.0,6
465040,1,1,69,0,Lawyer,1.0,1,2.0,6
465045,1,1,40,1,Entertainment,9.0,1,2.0,6
465056,1,1,87,1,Lawyer,1.0,2,2.0,6
465069,1,1,68,1,Healthcare,0.0,1,3.0,6
465075,0,1,43,1,Artist,,1,2.0,6
465076,1,1,67,1,Artist,0.0,2,5.0,6
465079,1,1,80,1,Lawyer,1.0,0,1.0,6
465082,1,1,65,1,Lawyer,1.0,0,1.0,3
465087,1,0,29,1,Doctor,0.0,0,4.0,6
465091,1,1,60,1,Entertainment,,1,3.0,6
465092,1,1,72,1,Executive,1.0,2,2.0,6
465093,1,1,57,1,Doctor,0.0,0,1.0,6
465095,1,1,47,1,Executive,1.0,2,4.0,6
465099,1,1,39,0,Entertainment,1.0,1,2.0,6
465100,1,1,62,1,Artist,0.0,2,2.0,6
465101,0,1,81,1,Lawyer,1.0,0,1.0,6
465105,1,1,65,0,Executive,8.0,1,2.0,6
465109,1,0,47,0,Lawyer,,0,2.0,6
465111,0,1,40,1,Artist,8.0,1,2.0,6
465112,0,1,86,0,Lawyer,0.0,2,2.0,6
465113,1,1,67,1,Lawyer,0.0,2,2.0,4
465119,0,1,45,1,Artist,0.0,1,5.0,6
465120,0,0,27,1,Healthcare,1.0,0,4.0,6
465121,0,0,32,1,Artist,7.0,0,1.0,3
465122,0,1,41,1,Artist,3.0,1,2.0,6
465124,0,1,27,1,Healthcare,6.0,1,2.0,6
465128,0,1,58,0,Artist,0.0,1,3.0,6
465134,0,1,61,1,Entertainment,1.0,1,5.0,6
465136,1,1,52,1,Artist,0.0,1,2.0,6
465144,1,0,25,1,Doctor,8.0,0,1.0,6
465147,1,0,33,1,Healthcare,2.0,0,3.0,6
465148,1,0,31,0,Artist,0.0,0,,
465150,1,0,37,1,Entertainment,1.0,0,1.0,6
465153,1,1,38,1,Artist,1.0,1,2.0,6
465155,1,1,81,1,Lawyer,0.0,0,1.0,6
465160,1,1,61,1,Executive,0.0,2,3.0,6
465164,1,0,20,0,Healthcare,0.0,0,3.0,6
465171,0,1,48,1,Artist,8.0,2,4.0,6
465172,0,1,43,1,Artist,8.0,1,2.0,6
465175,0,0,22,0,Homemaker,0.0,0,4.0,6
465176,0,1,63,1,Artist,1.0,1,4.0,6
465181,0,0,25,1,Healthcare,8.0,0,1.0,4
465182,0,0,73,1,Lawyer,1.0,0,1.0,6
465186,0,1,43,0,Artist,4.0,1,4.0,1
465187,0,1,39,0,Doctor,1.0,1,4.0,4
465188,0,1,49,1,Artist,0.0,1,4.0,6
465189,0,1,83,1,Lawyer,1.0,2,2.0,6
465194,1,0,22,0,Healthcare,9.0,0,6.0,2
465196,0,0,31,1,Artist,2.0,0,2.0,4
465197,0,1,60,1,Artist,1.0,2,4.0,6
465201,1,1,42,1,Entertainment,1.0,1,4.0,3
465202,1,0,25,0,Entertainment,7.0,0,4.0,6
465203,1,0,29,1,Healthcare,3.0,0,3.0,6
465204,1,1,29,1,Healthcare,1.0,0,2.0,6
465213,1,1,39,1,Entertainment,2.0,1,2.0,6
465214,1,1,33,0,Engineer,14.0,0,1.0,6
465216,1,1,35,1,Executive,9.0,2,4.0,6
465226,1,1,38,0,Entertainment,2.0,0,3.0,6
465228,1,1,59,1,Artist,1.0,2,2.0,6
465231,1,1,67,0,Artist,1.0,1,2.0,6
465236,1,1,45,1,Artist,1.0,0,1.0,6
465237,1,1,70,1,Lawyer,,2,2.0,6
465242,1,0,19,0,Healthcare,5.0,0,4.0,3
465249,0,0,23,0,Healthcare,0.0,0,4.0,6
465254,1,0,22,0,Healthcare,1.0,0,4.0,7
465261,0,0,23,1,Healthcare,1.0,0,4.0,1
465264,1,1,80,0,Executive,0.0,0,1.0,6
465267,1,1,40,0,Engineer,14.0,1,5.0,4
465274,1,0,36,1,Artist,0.0,0,1.0,4
465285,0,1,31,0,Engineer,8.0,0,4.0,6
465288,0,1,20,0,Engineer,1.0,0,2.0,4
465289,1,1,31,1,Executive,1.0,2,2.0,6
465290,1,1,50,1,Executive,0.0,2,5.0,6
465294,1,1,67,0,Lawyer,0.0,0,2.0,6
465295,0,,43,1,Doctor,9.0,1,1.0,6
465296,0,1,85,1,Lawyer,5.0,2,3.0,6
465303,0,1,65,1,Artist,1.0,1,3.0,2
465306,1,1,71,0,Executive,1.0,1,4.0,2
465310,0,0,20,0,Healthcare,1.0,0,6.0,4
465319,1,0,20,0,Healthcare,0.0,0,5.0,6
465326,1,1,87,1,Artist,,0,1.0,6
465333,0,1,37,1,Artist,4.0,0,2.0,7
465335,1,1,59,0,Entertainment,1.0,1,2.0,7
465340,0,0,29,1,Artist,3.0,0,4.0,2
465342,1,1,85,1,Executive,0.0,2,2.0,6
465344,0,1,72,1,Lawyer,1.0,2,2.0,6
465345,0,0,42,1,Artist,0.0,0,,6
465351,0,1,45,1,Artist,9.0,1,2.0,6
465352,1,1,59,1,Entertainment,1.0,1,4.0,6
465354,1,0,19,0,Doctor,0.0,0,5.0,2
465357,0,1,47,1,Artist,0.0,1,3.0,6
465358,0,1,73,1,Artist,0.0,2,2.0,6
465359,0,1,42,0,Artist,1.0,0,1.0,6
465364,0,0,37,1,Doctor,7.0,0,5.0,2
465366,0,0,38,1,Artist,8.0,0,1.0,6
465371,0,0,41,1,Artist,1.0,0,1.0,6
465372,0,0,40,1,Entertainment,0.0,0,1.0,6
465383,0,1,30,1,Entertainment,0.0,0,4.0,6
465384,1,1,56,1,Artist,0.0,2,2.0,6
465391,0,1,65,1,Lawyer,1.0,2,2.0,6
465393,1,1,35,1,Artist,5.0,1,2.0,6
465395,0,1,37,0,Engineer,0.0,1,5.0,4
465399,1,0,36,1,Entertainment,0.0,0,1.0,4
465405,0,,26,1,Homemaker,1.0,2,4.0,2
465408,1,0,25,0,Executive,,0,4.0,6
465410,1,0,30,0,Healthcare,0.0,0,4.0,5
465417,1,1,37,1,Entertainment,,1,2.0,4
465419,1,0,30,0,Artist,0.0,0,3.0,6
465423,1,1,46,1,Entertainment,1.0,1,4.0,7
465428,0,0,38,1,Engineer,1.0,0,1.0,4
465433,0,0,40,1,Artist,,0,1.0,2
465435,0,0,31,1,Artist,5.0,0,1.0,6
465437,1,1,45,1,Executive,4.0,2,5.0,6
465440,1,1,55,0,Engineer,1.0,0,5.0,6
465441,0,1,51,1,Engineer,2.0,0,1.0,4
465445,0,0,29,1,Homemaker,5.0,0,7.0,6
465458,0,1,74,1,Artist,1.0,2,2.0,6
465461,1,1,69,0,Entertainment,1.0,1,3.0,6
465463,0,0,28,0,Doctor,,0,5.0,2
465464,1,1,41,1,Executive,0.0,1,,4
465467,1,,29,0,Healthcare,1.0,0,3.0,6
465471,1,1,39,1,Artist,0.0,0,1.0,6
465472,0,1,74,0,Entertainment,,2,3.0,6
465473,0,0,59,1,Artist,4.0,0,1.0,6
465477,1,0,27,0,Healthcare,1.0,0,3.0,2
465479,1,0,33,0,Artist,0.0,0,1.0,4
465482,1,0,31,0,Entertainment,9.0,0,2.0,2
465483,1,1,46,0,Artist,0.0,1,3.0,6
465484,0,1,63,1,Artist,0.0,0,2.0,6
465488,1,0,22,0,Healthcare,1.0,0,4.0,6
465489,0,0,53,1,Engineer,1.0,0,5.0,6
465492,1,1,59,0,Entertainment,1.0,0,1.0,2
465496,1,1,84,1,Lawyer,,0,2.0,2
465505,1,1,63,1,Artist,1.0,1,4.0,6
465507,1,1,35,1,Artist,8.0,0,1.0,6
465508,1,0,21,0,Healthcare,1.0,0,4.0,6
465510,1,1,67,0,Lawyer,0.0,2,2.0,6
465518,0,1,41,1,Artist,1.0,1,3.0,4
465520,0,0,27,1,Artist,0.0,0,8.0,2
465521,0,1,53,1,Artist,1.0,1,2.0,7
465522,0,0,33,1,Healthcare,4.0,0,8.0,5
465529,0,0,32,0,Doctor,0.0,0,4.0,6
465538,1,1,59,0,,5.0,2,2.0,6
465539,0,1,50,1,Artist,1.0,2,5.0,6
465541,0,1,50,1,Artist,1.0,1,4.0,7
465543,0,1,41,1,Healthcare,1.0,1,2.0,3
465547,0,1,71,,Lawyer,1.0,0,1.0,6
465550,0,0,33,1,Healthcare,1.0,0,6.0,3
465551,0,1,46,1,Artist,,1,2.0,3
465554,0,0,78,1,Lawyer,1.0,0,3.0,6
465555,0,1,69,0,Lawyer,,2,2.0,4
465558,0,0,40,1,Healthcare,8.0,0,1.0,7
465568,1,1,43,1,Executive,2.0,2,3.0,6
465569,1,1,36,1,Artist,0.0,2,3.0,6
465571,1,1,35,1,Entertainment,1.0,1,2.0,2
465577,1,0,30,0,Healthcare,0.0,0,4.0,3
465584,1,1,47,0,Entertainment,3.0,1,2.0,6
465586,1,1,69,0,Artist,0.0,0,1.0,6
465587,1,1,41,1,Entertainment,,0,5.0,3
465594,1,1,33,0,Executive,4.0,0,6.0,3
465598,1,0,27,1,Healthcare,6.0,0,5.0,2
465600,1,1,38,1,Engineer,6.0,0,2.0,3
465601,1,1,35,1,Artist,,1,4.0,3
465602,1,1,27,1,Artist,10.0,0,2.0,3
465603,0,1,51,1,Homemaker,9.0,0,,3
465605,0,1,52,1,Engineer,4.0,0,1.0,3
465611,1,0,53,1,Doctor,0.0,0,1.0,6
465612,1,1,43,1,Artist,8.0,1,2.0,6
465616,1,1,42,1,Doctor,8.0,0,2.0,6
465621,1,0,36,1,Doctor,9.0,0,1.0,6
465625,1,0,36,1,Artist,14.0,0,2.0,6
465627,0,0,40,1,Healthcare,1.0,0,1.0,6
465629,1,1,47,1,Entertainment,2.0,1,3.0,6
465635,1,0,30,0,Doctor,1.0,0,2.0,4
465638,0,1,53,1,Artist,,0,,3
465640,1,1,45,1,Artist,5.0,1,2.0,6
465644,1,0,33,1,Healthcare,0.0,0,5.0,6
465645,0,0,40,1,Artist,8.0,0,2.0,6
465649,0,1,36,1,Marketing,5.0,0,1.0,6
465651,1,0,32,0,Engineer,0.0,0,4.0,6
465653,0,1,51,1,Artist,0.0,0,2.0,6
465655,0,0,49,1,Artist,0.0,0,1.0,6
465656,1,1,81,0,Lawyer,1.0,0,,6
465658,1,1,72,1,Artist,1.0,1,4.0,6
465663,0,0,70,1,Artist,0.0,0,2.0,6
465667,1,0,21,0,Healthcare,0.0,0,3.0,2
465668,1,0,21,0,Healthcare,1.0,0,5.0,4
465669,0,1,41,0,Entertainment,4.0,1,4.0,4
465670,0,0,49,0,Engineer,12.0,0,1.0,4
465675,0,0,51,0,Entertainment,0.0,0,1.0,4
465680,1,1,28,0,Healthcare,0.0,1,5.0,4
465685,1,0,37,1,Healthcare,5.0,0,2.0,3
465688,0,1,63,,Artist,1.0,1,3.0,3
465689,1,0,19,0,Healthcare,8.0,0,4.0,3
465695,0,0,32,0,Healthcare,,0,3.0,4
465697,0,1,51,0,Artist,6.0,0,1.0,6
465703,1,1,26,0,Entertainment,3.0,0,2.0,4
465704,1,1,61,0,Artist,0.0,0,1.0,6
465705,0,1,51,1,Artist,0.0,1,4.0,6
465706,0,1,45,1,Artist,0.0,1,3.0,6
465721,1,1,29,1,Entertainment,1.0,2,2.0,3
465722,1,1,47,0,,0.0,0,5.0,3
465725,1,0,25,1,Doctor,1.0,0,2.0,3
465727,1,0,40,0,Marketing,0.0,0,5.0,4
465728,1,0,45,1,,1.0,0,1.0,4
465733,1,1,32,1,Entertainment,1.0,1,2.0,4
465734,1,1,38,1,Artist,0.0,0,3.0,1
465736,0,0,38,1,Artist,8.0,0,2.0,3
465737,0,1,48,1,Engineer,7.0,0,3.0,3
465740,0,0,71,1,Doctor,0.0,0,1.0,6
465742,0,1,46,1,Artist,3.0,0,3.0,6
465751,0,1,46,1,Artist,9.0,0,2.0,6
465753,0,1,49,1,Artist,7.0,0,2.0,6
465766,1,1,43,0,Entertainment,0.0,0,3.0,4
465768,0,0,38,1,Artist,6.0,0,4.0,4
465769,1,0,25,1,Healthcare,8.0,0,4.0,6
465772,0,1,46,1,Engineer,0.0,0,4.0,1
465775,0,0,28,1,Engineer,9.0,0,3.0,6
465776,0,0,41,1,Entertainment,5.0,0,4.0,6
465777,0,0,32,1,Artist,9.0,0,5.0,6
465784,0,0,21,0,Healthcare,0.0,0,4.0,3
465788,1,0,22,0,Healthcare,1.0,0,6.0,4
465793,1,0,27,0,Healthcare,0.0,0,5.0,4
465797,1,1,40,1,Artist,0.0,1,2.0,2
465804,0,1,68,0,Engineer,0.0,0,1.0,4
465809,0,0,25,0,Homemaker,1.0,0,7.0,4
465811,1,0,28,0,Healthcare,1.0,0,4.0,4
465813,1,0,28,0,Marketing,2.0,0,8.0,4
465818,1,0,27,0,Entertainment,1.0,0,3.0,4
465823,1,1,67,0,Entertainment,5.0,1,4.0,4
465826,1,1,46,0,Executive,4.0,0,9.0,4
465828,0,0,33,0,Entertainment,8.0,0,4.0,4
465829,0,1,40,1,Doctor,6.0,1,3.0,4
465830,0,1,48,0,,5.0,1,7.0,4
465831,1,1,42,0,Executive,0.0,2,5.0,4
465837,1,0,56,1,,1.0,0,1.0,6
465841,0,0,51,1,Engineer,3.0,0,1.0,6
465848,0,0,27,1,Healthcare,0.0,0,1.0,7
465849,0,0,25,1,Doctor,7.0,0,3.0,4
465851,0,1,51,0,Artist,9.0,2,2.0,4
465853,0,1,26,1,Healthcare,,1,2.0,6
465857,0,0,35,1,Doctor,0.0,0,1.0,6
465860,0,,25,1,Doctor,1.0,0,3.0,6
465863,1,0,30,0,Healthcare,6.0,0,3.0,6
465865,0,0,41,1,Healthcare,9.0,0,1.0,6
465866,1,1,42,1,Artist,6.0,0,3.0,6
465867,0,1,40,1,Artist,8.0,2,5.0,6
465873,1,0,36,1,Entertainment,13.0,0,1.0,6
465875,0,0,39,1,Artist,9.0,0,1.0,6
465884,1,1,40,1,Executive,7.0,2,3.0,6
465893,0,1,40,1,Engineer,1.0,1,2.0,6
465894,1,0,28,1,Artist,9.0,0,6.0,6
465907,0,0,31,1,Marketing,8.0,0,,1
465916,1,0,41,1,Artist,4.0,0,1.0,6
465923,0,0,28,1,Engineer,9.0,0,5.0,6
465925,1,0,30,1,Healthcare,1.0,0,1.0,6
465927,0,0,30,1,Healthcare,1.0,0,1.0,6
465930,0,0,38,1,Artist,9.0,0,2.0,6
465931,1,1,43,1,Artist,7.0,0,1.0,7
465935,1,0,29,1,Entertainment,9.0,0,1.0,6
465937,0,0,30,1,Healthcare,9.0,0,3.0,6
465941,1,1,27,1,Healthcare,0.0,0,2.0,6
465948,0,1,48,1,Artist,0.0,1,2.0,6
465953,0,0,51,1,Artist,1.0,0,1.0,6
465957,0,0,48,1,Marketing,0.0,0,1.0,6
465960,0,0,28,1,Marketing,9.0,0,1.0,6
465961,0,0,40,1,Artist,3.0,0,1.0,6
465963,1,1,51,1,Artist,1.0,0,2.0,6
465965,0,1,36,0,Marketing,8.0,0,2.0,6
465972,0,0,51,1,Marketing,9.0,0,1.0,6
465974,1,1,45,1,Executive,5.0,2,4.0,4
465975,1,0,40,1,Artist,8.0,0,1.0,6
465976,1,0,40,1,Artist,0.0,0,1.0,7
465979,1,1,41,1,Artist,2.0,0,2.0,6
465982,1,1,43,1,Entertainment,0.0,1,4.0,6
465983,1,,21,0,Healthcare,1.0,0,3.0,6
465996,1,0,23,0,Healthcare,1.0,0,4.0,6
465997,0,0,31,0,Doctor,0.0,0,3.0,6
466001,0,1,42,1,Entertainment,6.0,0,2.0,6
466007,1,1,61,0,Artist,0.0,0,1.0,7
466017,0,1,45,1,Homemaker,0.0,0,1.0,3
466019,0,1,63,1,Artist,5.0,0,1.0,3
466020,1,1,86,0,Lawyer,0.0,0,1.0,6
466022,0,1,67,0,Engineer,,2,3.0,7
466023,1,1,71,0,Executive,,2,3.0,7
466024,0,1,43,0,Entertainment,14.0,0,2.0,3
466032,1,,28,0,Entertainment,,0,2.0,6
466042,1,1,47,0,Entertainment,0.0,0,2.0,6
466043,0,1,53,1,Artist,0.0,1,4.0,6
466046,0,1,36,0,Entertainment,1.0,1,2.0,4
466058,1,1,35,0,Entertainment,1.0,0,,4
466069,0,1,48,1,Artist,1.0,2,4.0,
466071,0,1,60,1,Artist,3.0,0,3.0,4
466078,0,1,45,0,Executive,,0,1.0,6
466079,0,1,42,0,Engineer,0.0,0,2.0,6
466082,0,1,89,1,Lawyer,1.0,0,1.0,6
466083,0,0,23,0,Marketing,4.0,0,2.0,3
466084,1,1,46,1,Homemaker,11.0,0,1.0,3
466085,1,0,22,0,,8.0,0,4.0,4
466088,0,0,30,0,Healthcare,0.0,0,7.0,6
466090,1,1,58,1,Entertainment,0.0,0,,6
466092,1,1,73,1,Artist,0.0,1,4.0,6
466099,0,1,71,1,Lawyer,0.0,0,1.0,6
466103,0,1,35,0,Engineer,0.0,0,5.0,6
466109,1,1,52,1,Entertainment,1.0,1,4.0,6
466111,1,1,84,1,Lawyer,0.0,0,2.0,6
466114,1,1,47,1,Entertainment,1.0,1,5.0,6
466115,1,1,39,0,Executive,0.0,0,2.0,6
466118,0,1,40,0,Engineer,0.0,0,3.0,4
466124,0,0,46,1,Artist,1.0,0,1.0,6
466128,1,0,40,1,Artist,3.0,0,2.0,6
466130,0,0,27,0,Artist,1.0,0,6.0,6
466132,0,0,23,0,Healthcare,4.0,0,4.0,7
466136,0,0,21,1,Artist,1.0,0,2.0,6
466138,1,1,70,0,Lawyer,2.0,2,2.0,6
466140,1,1,28,1,Entertainment,1.0,0,2.0,6
466141,0,1,58,1,Homemaker,1.0,0,4.0,6
466142,0,1,27,1,Entertainment,0.0,1,2.0,6
466143,0,1,49,0,Engineer,0.0,1,5.0,
466146,0,1,37,0,Engineer,8.0,1,3.0,6
466148,1,1,39,0,Entertainment,1.0,1,4.0,6
466149,0,0,28,0,Doctor,2.0,0,4.0,6
466153,1,1,73,0,Entertainment,0.0,1,2.0,6
466154,0,1,51,1,Artist,1.0,1,5.0,3
466156,0,1,48,1,Doctor,8.0,1,3.0,2
466157,1,1,72,1,Homemaker,9.0,0,,
466161,1,1,47,0,Artist,1.0,1,,6
466162,0,1,67,1,Doctor,0.0,0,1.0,4
466166,1,1,77,1,Lawyer,0.0,2,2.0,4
466172,1,1,46,1,Artist,3.0,1,3.0,6
466178,0,1,52,1,Artist,1.0,1,4.0,6
466180,1,1,67,0,Lawyer,1.0,0,1.0,6
466185,1,1,62,1,Doctor,0.0,1,4.0,6
466200,1,1,45,1,Doctor,8.0,1,3.0,4
466201,1,1,40,1,Doctor,1.0,1,5.0,4
466206,0,1,60,1,Artist,4.0,1,2.0,3
466207,0,1,37,1,Doctor,8.0,1,4.0,2
466208,1,1,69,0,Executive,2.0,2,1.0,6
466210,0,1,58,1,Artist,1.0,2,4.0,6
466211,1,1,52,1,Artist,1.0,0,,6
466213,1,0,20,0,Healthcare,2.0,0,5.0,6
466218,0,,23,0,Healthcare,6.0,0,4.0,2
466223,1,1,66,1,Artist,0.0,0,1.0,4
466225,1,0,19,0,Healthcare,1.0,0,3.0,2
466226,0,1,53,1,Artist,0.0,1,5.0,6
466233,0,1,59,1,Homemaker,6.0,0,1.0,6
466235,0,1,61,1,Artist,0.0,1,4.0,4
466236,0,1,68,1,Engineer,1.0,0,2.0,4
466238,1,0,20,0,Healthcare,1.0,0,3.0,4
466246,1,0,20,0,Healthcare,1.0,0,4.0,2
466247,0,,49,1,Artist,0.0,0,4.0,2
466253,1,0,19,0,Healthcare,1.0,0,3.0,2
466257,0,0,27,0,Healthcare,1.0,0,4.0,6
466264,1,1,32,1,,1.0,0,2.0,3
466268,0,1,67,1,Artist,0.0,1,3.0,4
466271,1,0,27,0,Entertainment,1.0,0,3.0,2
466274,1,1,72,1,Executive,0.0,0,,6
466276,0,0,32,0,Doctor,1.0,0,5.0,4
466278,0,0,28,0,,0.0,0,2.0,3
466282,1,1,29,1,Healthcare,8.0,0,,6
466285,0,0,19,0,Healthcare,1.0,0,5.0,2
466286,0,1,52,1,Artist,1.0,1,5.0,2
466287,0,1,47,1,Doctor,1.0,1,2.0,2
466289,1,0,19,0,Healthcare,3.0,0,5.0,2
466290,0,0,18,0,Healthcare,5.0,0,,4
466292,0,1,79,0,Lawyer,1.0,2,2.0,6
466297,0,0,19,0,Healthcare,1.0,0,4.0,4
466300,0,1,48,1,Artist,0.0,0,3.0,2
466301,1,1,52,1,Artist,1.0,1,3.0,2
466306,1,0,23,0,Healthcare,1.0,0,4.0,6
466313,0,1,58,1,Artist,1.0,0,1.0,4
466315,0,1,69,1,Engineer,1.0,0,1.0,6
466317,1,1,37,1,Entertainment,4.0,0,1.0,6
466318,0,0,30,0,Healthcare,0.0,0,3.0,6
466319,0,,25,0,Healthcare,0.0,0,4.0,6
466320,0,0,39,1,Engineer,8.0,0,2.0,4
466321,1,1,43,1,Entertainment,3.0,0,2.0,4
466324,0,0,32,0,Engineer,0.0,0,1.0,4
466326,1,0,23,0,Healthcare,0.0,0,5.0,3
466335,0,0,30,0,Healthcare,1.0,0,3.0,4
466337,0,1,41,0,Engineer,1.0,0,2.0,4
466341,1,1,49,1,Artist,1.0,1,2.0,5
466347,1,1,66,0,Executive,6.0,0,3.0,4
466352,0,1,67,1,Doctor,1.0,0,2.0,6
466355,1,0,30,1,Healthcare,0.0,0,2.0,6
466367,0,0,39,1,Doctor,6.0,0,1.0,2
466370,0,,52,1,Artist,0.0,0,4.0,2
466372,0,1,57,1,Artist,0.0,1,5.0,6
466373,1,1,63,1,Executive,1.0,2,1.0,6
466376,0,1,52,0,Homemaker,4.0,2,3.0,6
466377,1,1,61,1,,8.0,1,2.0,6
466380,1,1,35,1,Entertainment,7.0,0,2.0,6
466381,1,1,52,1,Artist,4.0,1,2.0,6
466382,0,1,45,1,Engineer,2.0,2,2.0,4
466387,1,1,37,1,Entertainment,8.0,1,2.0,6
466389,0,1,45,1,Engineer,1.0,1,2.0,6
466391,0,1,55,1,Engineer,0.0,1,,6
466392,0,1,49,1,Engineer,4.0,1,,3
466393,0,1,42,0,Entertainment,1.0,0,6.0,3
466395,0,1,39,1,Doctor,3.0,2,2.0,4
466397,1,0,18,0,Healthcare,0.0,0,3.0,3
466400,1,1,43,0,Artist,1.0,1,3.0,3
466401,1,1,50,0,Executive,1.0,1,4.0,6
466402,1,1,37,1,Artist,1.0,1,4.0,6
466404,0,0,37,1,Engineer,1.0,0,1.0,6
466406,1,1,63,1,Entertainment,0.0,0,3.0,6
466408,1,1,83,1,Lawyer,1.0,0,2.0,3
466411,1,1,55,1,Artist,1.0,1,3.0,3
466414,1,1,71,1,Artist,1.0,0,3.0,6
466418,1,1,87,0,Lawyer,1.0,0,1.0,4
466419,0,1,49,1,Entertainment,2.0,1,5.0,3
466422,1,1,27,0,Doctor,0.0,0,4.0,4
466427,0,1,25,0,Marketing,1.0,0,4.0,4
466429,1,1,42,0,Healthcare,0.0,0,2.0,3
466443,0,1,66,1,Artist,4.0,0,2.0,6
466450,0,0,32,1,Healthcare,1.0,0,1.0,6
466455,0,1,32,1,Doctor,4.0,0,2.0,6
466456,0,1,37,0,Doctor,8.0,0,1.0,2
466457,0,1,62,,Lawyer,9.0,0,5.0,6
466463,0,0,33,1,Healthcare,3.0,0,4.0,4
466464,0,1,45,1,Homemaker,2.0,1,2.0,3
466466,0,,18,0,Healthcare,5.0,0,5.0,3
466467,0,1,37,1,Artist,0.0,1,3.0,3
466468,1,0,30,1,Doctor,4.0,0,4.0,3
466474,1,0,31,1,Entertainment,5.0,0,3.0,6
466478,0,1,48,1,Artist,0.0,1,4.0,3
466483,1,0,31,1,Healthcare,,0,1.0,3
466486,0,1,36,1,Doctor,8.0,0,2.0,4
466488,1,1,61,1,Entertainment,0.0,1,6.0,6
466490,0,1,83,0,Lawyer,0.0,2,2.0,6
466493,1,1,77,0,Lawyer,1.0,2,2.0,6
466500,0,1,46,1,Artist,3.0,2,3.0,4
466501,1,1,48,1,Engineer,0.0,1,3.0,3
466502,1,0,19,0,Healthcare,0.0,0,5.0,3
466516,1,0,21,0,Healthcare,1.0,0,3.0,6
466517,0,0,40,0,Engineer,,0,1.0,6
466526,1,0,27,0,Healthcare,0.0,0,5.0,2
466527,0,1,49,0,Marketing,0.0,0,1.0,5
466530,1,0,19,0,Healthcare,1.0,0,4.0,
466533,0,0,53,1,Entertainment,1.0,0,1.0,6
466535,1,0,29,1,Artist,8.0,0,1.0,6
466536,1,0,23,0,Healthcare,3.0,0,4.0,4
466538,1,1,84,1,Lawyer,1.0,2,2.0,6
466541,1,0,38,1,Entertainment,0.0,0,4.0,6
466543,1,0,26,1,Doctor,11.0,0,2.0,7
466545,0,0,19,0,Healthcare,1.0,0,4.0,2
466550,0,,22,0,Healthcare,1.0,0,4.0,6
466552,1,1,20,0,Entertainment,0.0,0,2.0,6
466553,1,1,36,1,Healthcare,0.0,0,3.0,6
466556,1,0,18,0,Healthcare,1.0,0,3.0,6
466562,0,0,20,0,Healthcare,7.0,0,4.0,6
466564,0,0,18,0,Marketing,1.0,0,4.0,6
466565,1,1,32,0,Artist,7.0,1,2.0,6
466576,0,0,18,0,Healthcare,0.0,0,4.0,6
466586,1,0,18,0,Healthcare,0.0,0,2.0,6
466588,0,0,21,0,Healthcare,8.0,0,4.0,6
466596,0,1,75,1,Artist,1.0,2,2.0,6
466603,1,1,37,1,Engineer,0.0,1,2.0,6
466606,0,1,35,1,Engineer,1.0,0,3.0,3
466613,1,0,20,0,Healthcare,9.0,0,3.0,6
466623,1,1,58,,Entertainment,2.0,1,4.0,3
466628,1,0,33,0,Healthcare,8.0,0,4.0,
466631,1,1,58,1,Artist,0.0,0,3.0,6
466634,1,0,20,0,Healthcare,1.0,0,5.0,6
466635,1,1,50,1,Artist,4.0,1,2.0,6
466644,0,0,51,1,Homemaker,0.0,0,,6
466650,0,0,27,0,Healthcare,8.0,0,3.0,4
466652,0,1,58,1,Doctor,1.0,1,2.0,6
466655,1,1,62,0,Executive,1.0,0,2.0,6
466656,1,1,79,1,Marketing,0.0,2,2.0,6
466658,0,0,19,0,Healthcare,1.0,0,4.0,6
466662,0,0,33,0,Engineer,0.0,0,,4
466665,1,1,36,1,Artist,1.0,1,2.0,6
466666,0,1,29,1,Healthcare,1.0,0,2.0,6
466671,0,,28,0,Healthcare,3.0,0,3.0,2
466686,0,0,22,0,Healthcare,0.0,0,4.0,6
466687,1,0,21,0,Healthcare,1.0,0,3.0,6
466688,1,0,22,0,Healthcare,0.0,0,3.0,4
466689,1,0,28,1,Artist,9.0,0,3.0,6
466696,0,1,48,1,Artist,3.0,1,4.0,6
466704,1,1,48,1,Doctor,3.0,1,2.0,6
466705,1,1,66,0,Lawyer,0.0,0,3.0,6
466707,0,1,47,1,Homemaker,1.0,0,4.0,6
466713,0,1,68,1,Artist,1.0,2,4.0,6
466718,1,1,73,,Executive,0.0,2,2.0,6
466720,0,1,59,0,Lawyer,0.0,0,1.0,2
466721,1,1,38,1,Doctor,7.0,1,2.0,6
466725,0,1,76,0,Lawyer,1.0,2,2.0,6
466731,0,1,40,1,Engineer,3.0,0,2.0,4
466732,0,1,49,1,Engineer,0.0,2,2.0,4
466733,0,0,33,0,Homemaker,0.0,0,,4
466735,1,0,18,0,Healthcare,1.0,0,,6
466746,0,1,69,1,Lawyer,0.0,2,2.0,6
466749,1,0,22,,Healthcare,1.0,0,5.0,3
466750,0,0,18,,Healthcare,0.0,0,3.0,3
466751,0,0,20,,Healthcare,1.0,0,4.0,6
466752,1,1,36,1,Healthcare,1.0,0,1.0,6
466753,0,1,67,1,Artist,0.0,1,2.0,3
466754,0,1,37,1,Artist,1.0,1,3.0,6
466759,0,0,26,0,Healthcare,2.0,0,,6
466760,1,1,51,1,Doctor,1.0,1,4.0,6
466765,0,1,67,1,Lawyer,1.0,0,2.0,6
466769,0,0,29,1,Entertainment,1.0,0,4.0,6
466775,0,1,76,1,Lawyer,0.0,0,2.0,6
466776,1,1,86,1,Lawyer,0.0,0,1.0,6
466777,0,1,51,1,Homemaker,9.0,1,2.0,6
466778,1,1,35,1,Entertainment,1.0,0,2.0,3
466788,1,0,30,0,Doctor,3.0,0,2.0,6
466790,1,1,47,1,Doctor,0.0,1,2.0,3
466791,1,1,81,0,Lawyer,0.0,0,1.0,6
466792,0,1,85,0,Lawyer,0.0,0,1.0,6
466795,1,,60,1,Entertainment,,1,5.0,6
466799,0,0,21,0,Healthcare,2.0,0,3.0,6
466802,0,,40,1,Engineer,0.0,0,1.0,6
466804,0,,35,1,Homemaker,4.0,0,1.0,3
466807,0,,35,1,Healthcare,0.0,0,1.0,4
466808,0,0,41,0,Engineer,1.0,0,1.0,6
466810,1,0,18,0,Healthcare,0.0,0,3.0,6
466811,1,0,22,0,Healthcare,0.0,0,,4
466813,1,1,61,1,Artist,0.0,0,,6
466814,1,0,23,0,Healthcare,0.0,0,3.0,6
466815,1,0,31,0,Healthcare,1.0,0,5.0,4
466816,1,1,82,1,Lawyer,0.0,2,2.0,6
466818,1,1,84,0,Executive,1.0,2,2.0,6
466826,1,1,41,1,Entertainment,1.0,0,2.0,6
466832,0,1,66,1,Artist,0.0,1,2.0,4
466833,1,1,57,1,Artist,5.0,0,2.0,6
466846,1,0,20,0,Healthcare,3.0,0,4.0,2
466863,0,0,32,0,Homemaker,14.0,0,1.0,6
466867,0,0,29,0,Homemaker,11.0,0,1.0,6
466871,1,1,36,1,Executive,,2,4.0,6
466874,1,1,38,1,Entertainment,1.0,1,3.0,6
466884,0,1,43,0,Doctor,1.0,0,1.0,6
466886,0,0,42,0,Marketing,1.0,0,1.0,6
466891,0,1,48,0,Homemaker,8.0,0,1.0,6
466905,1,1,62,1,Artist,0.0,0,1.0,6
466906,1,0,63,1,Artist,0.0,0,2.0,6
466908,1,1,60,1,Entertainment,1.0,0,2.0,6
466909,1,1,63,1,Artist,1.0,0,2.0,6
466910,1,1,62,1,Entertainment,9.0,0,1.0,6
466917,1,1,40,0,Executive,4.0,0,,6
466918,1,1,63,1,Artist,0.0,1,1.0,6
466920,1,0,19,0,Healthcare,6.0,0,4.0,3
466923,0,0,21,0,Homemaker,8.0,0,1.0,6
466926,1,0,21,0,Healthcare,1.0,0,,6
466927,1,0,22,0,Engineer,6.0,0,5.0,2
466936,1,1,60,0,Lawyer,1.0,2,3.0,6
466938,1,1,59,1,Artist,8.0,0,1.0,6
466939,1,1,73,0,Lawyer,1.0,2,2.0,6
466951,0,1,52,1,Artist,0.0,2,3.0,6
466954,0,1,66,0,Doctor,9.0,1,2.0,6
466955,1,1,61,0,Entertainment,1.0,0,4.0,3
466956,0,1,61,1,Artist,1.0,0,1.0,6
466961,0,1,61,1,Artist,2.0,1,2.0,6
466966,1,1,59,1,Entertainment,1.0,1,2.0,6
466967,1,1,51,1,Artist,1.0,0,1.0,6
466970,0,1,36,1,Homemaker,9.0,0,2.0,4
466971,1,0,71,1,Executive,9.0,0,3.0,6
466975,1,1,48,1,Artist,1.0,1,2.0,6
466990,1,1,43,1,Entertainment,9.0,1,2.0,6
466996,0,0,36,1,Artist,9.0,0,1.0,6
466998,0,1,57,0,Artist,,1,3.0,6
466999,1,0,33,1,Healthcare,1.0,0,3.0,6
467000,0,0,31,1,Artist,1.0,0,6.0,4
467008,1,1,57,1,Artist,1.0,1,3.0,6
467009,0,0,33,0,Homemaker,2.0,0,4.0,3
467022,1,0,30,1,Artist,1.0,0,5.0,6
467023,1,1,26,0,Doctor,8.0,1,2.0,6
467025,0,0,29,0,Engineer,1.0,0,3.0,6
467044,0,0,42,1,Marketing,0.0,0,1.0,7
467046,0,0,30,0,Doctor,0.0,0,5.0,3
467050,0,0,18,0,Engineer,1.0,0,5.0,2
467053,1,0,18,0,Healthcare,5.0,0,4.0,6
467058,1,1,80,0,Executive,0.0,2,2.0,6
467060,1,0,35,0,Engineer,7.0,0,2.0,6
467063,1,1,45,1,Entertainment,1.0,1,2.0,6
467073,1,0,42,1,Engineer,8.0,0,1.0,6
467078,0,1,26,0,Healthcare,,2,2.0,7
467079,1,1,38,1,Artist,1.0,0,2.0,6
467084,1,1,41,1,Artist,1.0,1,7.0,6
467085,1,0,45,1,Entertainment,1.0,0,2.0,6
467088,1,1,57,1,Artist,1.0,0,1.0,3
467092,0,0,33,1,Healthcare,5.0,0,4.0,6
467093,0,1,51,1,Artist,8.0,1,2.0,6
467098,1,1,85,0,Executive,1.0,0,2.0,6
467099,0,0,30,0,Entertainment,0.0,0,3.0,6
467107,1,1,38,1,Engineer,1.0,1,3.0,4
467111,1,1,66,1,Artist,1.0,0,1.0,6
467112,1,0,40,1,Artist,0.0,0,2.0,2
467113,1,1,83,1,Lawyer,,0,1.0,6
467114,1,1,61,1,Marketing,1.0,1,3.0,6
467116,1,1,65,1,Executive,1.0,2,2.0,6
467119,1,1,37,0,Marketing,0.0,2,4.0,7
467121,1,1,47,1,Doctor,0.0,0,,6
467125,1,1,51,0,Entertainment,1.0,1,4.0,3
467127,1,1,73,0,Lawyer,,0,1.0,6
467129,0,,49,0,Marketing,1.0,1,3.0,4
467132,0,1,73,1,Engineer,0.0,0,2.0,6
467136,1,1,37,0,Entertainment,1.0,1,4.0,4
467137,0,1,55,1,Engineer,0.0,0,1.0,6
467138,0,0,32,0,Homemaker,12.0,0,1.0,6
467139,0,0,28,1,Artist,0.0,0,3.0,6
467143,0,0,50,0,Lawyer,0.0,0,3.0,6
467144,1,1,38,1,Entertainment,1.0,0,2.0,6
467146,0,0,28,0,Homemaker,8.0,0,1.0,6
467147,1,0,46,1,Entertainment,1.0,0,1.0,6
467153,0,1,47,1,Artist,0.0,0,,6
467157,1,1,39,1,Executive,8.0,2,6.0,7
467158,0,0,26,0,Healthcare,1.0,0,,6
467159,0,1,37,1,Homemaker,9.0,2,2.0,6
467160,1,1,43,0,,1.0,1,2.0,3
467165,0,0,27,0,Homemaker,,0,1.0,6
467167,1,1,69,1,Artist,1.0,1,,3
467168,1,1,47,1,Artist,9.0,1,2.0,1
467172,1,0,36,,Artist,9.0,0,2.0,6
467180,1,1,43,1,Healthcare,1.0,0,3.0,3
467183,1,1,42,1,Entertainment,3.0,1,4.0,6
467185,1,0,29,1,Artist,0.0,0,3.0,6
467189,0,1,45,1,Artist,1.0,2,4.0,6
467193,1,1,88,1,Artist,1.0,0,2.0,6
467201,0,0,33,1,Engineer,,0,5.0,7
467202,1,1,18,0,Doctor,0.0,0,4.0,6
467208,0,1,41,1,Homemaker,,2,2.0,6
467212,0,0,28,1,Doctor,1.0,0,3.0,6
467216,0,0,30,1,Entertainment,0.0,0,1.0,6
467217,0,1,79,1,Lawyer,,2,2.0,6
467218,0,0,27,1,Artist,8.0,0,1.0,6
467223,0,1,53,1,Engineer,0.0,1,4.0,6
467227,0,0,43,1,Artist,14.0,0,1.0,4
467230,1,0,19,0,Healthcare,1.0,0,4.0,6
467232,1,0,26,0,Entertainment,1.0,0,2.0,6
467233,0,0,67,0,Artist,1.0,0,2.0,6
467235,0,0,32,1,Artist,1.0,0,2.0,5
467238,0,0,26,0,Doctor,7.0,0,4.0,6
467239,0,0,29,0,Engineer,0.0,0,3.0,6
467241,0,0,33,1,Artist,9.0,0,1.0,6
467242,1,0,22,0,Doctor,0.0,0,3.0,6
467247,0,0,27,0,Engineer,0.0,0,2.0,6
467256,1,0,30,0,Healthcare,1.0,0,4.0,2
467260,1,0,25,0,Doctor,8.0,0,4.0,6
467263,0,0,32,0,Marketing,,0,1.0,4
467268,1,1,85,1,Lawyer,,0,1.0,6
467275,1,0,29,1,Healthcare,,0,,6
467281,1,1,56,1,Lawyer,0.0,0,4.0,6
467283,1,1,52,1,Artist,0.0,1,3.0,2
467288,0,0,25,0,Healthcare,,0,5.0,6
467296,0,1,65,1,Artist,,1,2.0,3
467300,0,1,49,1,Artist,1.0,0,1.0,6
467301,0,1,73,0,Lawyer,1.0,0,2.0,6
467303,1,1,36,1,Doctor,2.0,1,2.0,6
467309,0,0,36,1,Engineer,4.0,0,1.0,7
467311,1,1,71,1,Lawyer,1.0,2,3.0,6
467312,0,1,55,1,Artist,0.0,0,2.0,6
467313,1,1,35,1,Entertainment,1.0,1,2.0,6
467314,1,1,41,0,Artist,0.0,1,2.0,6
467317,1,0,42,1,Artist,1.0,0,1.0,2
467318,1,1,35,1,Doctor,,0,2.0,6
467322,0,1,48,1,Artist,1.0,1,2.0,1
467325,0,1,73,1,Lawyer,1.0,2,2.0,6
467329,0,0,40,1,Doctor,1.0,0,1.0,6
467338,0,0,29,1,Healthcare,3.0,0,6.0,6
467339,1,,62,1,Artist,1.0,1,3.0,6
467344,1,1,89,1,Lawyer,0.0,0,2.0,6
467345,1,1,86,1,Lawyer,0.0,0,1.0,6
467346,1,1,38,1,Artist,0.0,1,3.0,6
467352,1,1,45,1,Executive,0.0,2,4.0,6
467355,1,0,26,0,Healthcare,0.0,0,4.0,6
467357,1,1,55,1,,1.0,0,2.0,6
467358,0,1,52,1,Artist,1.0,1,5.0,6
467359,1,1,43,1,Artist,5.0,1,2.0,6
467365,1,0,35,1,Artist,1.0,0,1.0,6
467367,1,1,73,1,Lawyer,1.0,0,2.0,6
467369,1,0,41,1,Artist,4.0,0,3.0,6
467373,1,0,27,1,Healthcare,,0,1.0,6
467375,1,1,35,1,Entertainment,6.0,0,3.0,6
467378,0,1,63,1,Artist,0.0,1,2.0,6
467384,1,0,41,1,,,0,1.0,6
467385,1,0,53,0,Artist,1.0,0,,4
467389,1,0,42,0,Engineer,0.0,0,,6
467393,0,1,46,1,Artist,0.0,1,4.0,6
467398,1,1,38,0,Entertainment,0.0,0,2.0,6
467399,1,1,25,1,Doctor,1.0,0,3.0,6
467403,0,1,40,1,Artist,7.0,1,3.0,4
467410,0,1,55,1,Lawyer,1.0,0,2.0,6
467415,0,0,29,1,Healthcare,0.0,0,1.0,6
467419,0,1,39,1,Artist,2.0,0,1.0,6
467421,1,1,50,0,Doctor,1.0,1,3.0,6
467422,0,1,61,1,Artist,1.0,1,2.0,6
467423,1,1,56,1,Artist,0.0,0,1.0,6
467434,1,0,40,1,Entertainment,1.0,0,3.0,1
467437,0,1,86,1,Lawyer,0.0,2,2.0,6
467438,1,0,27,0,Entertainment,5.0,0,3.0,6
467441,1,0,35,1,Artist,,0,1.0,6
467442,1,1,56,1,Artist,,1,2.0,6
467444,0,1,36,1,Artist,,0,2.0,6
467445,1,1,32,0,Doctor,9.0,0,2.0,2
467449,0,1,85,1,Lawyer,1.0,0,2.0,6
467451,0,1,51,1,Artist,0.0,0,1.0,1
467455,0,0,41,1,Artist,8.0,0,2.0,6
467456,1,1,42,0,Executive,5.0,2,4.0,6
467457,0,0,30,1,Marketing,0.0,0,6.0,6
467459,1,1,42,1,Executive,,2,5.0,6
467463,0,1,42,1,Artist,9.0,1,3.0,6
467468,0,0,25,0,Healthcare,,0,5.0,7
467472,1,1,60,1,Executive,4.0,2,4.0,6
467474,1,0,18,0,Healthcare,2.0,0,5.0,6
467479,1,1,36,1,Executive,0.0,1,4.0,6
467481,1,1,49,1,Artist,0.0,1,2.0,6
467482,1,1,42,1,Executive,1.0,2,3.0,6
467487,1,1,42,0,Artist,1.0,1,5.0,4
467488,0,1,39,1,Entertainment,,1,2.0,2
467492,0,1,62,1,Doctor,1.0,0,2.0,7
467493,1,1,47,1,Executive,0.0,2,4.0,
467499,1,1,39,1,Artist,,0,3.0,6
467500,0,1,25,1,Artist,3.0,2,2.0,6
467503,0,0,27,1,Artist,1.0,0,4.0,6
467504,0,,31,0,Doctor,0.0,0,4.0,6
467505,1,1,36,1,Artist,0.0,0,4.0,6
467510,1,1,51,1,Entertainment,3.0,0,3.0,6
467511,1,1,63,1,Entertainment,,0,1.0,6
467514,1,0,40,1,Artist,,0,4.0,6
467518,1,0,22,0,Doctor,1.0,0,,6
467532,1,1,52,1,Artist,9.0,0,1.0,6
467533,1,1,89,1,Lawyer,4.0,0,1.0,6
467537,0,1,65,0,Lawyer,,2,3.0,6
467539,1,1,48,1,Artist,,1,4.0,7
467540,1,1,48,1,Healthcare,1.0,1,4.0,6
467542,1,0,31,1,Healthcare,8.0,0,1.0,6
467557,0,1,62,1,Artist,,1,2.0,6
467559,1,1,58,1,Executive,0.0,1,4.0,6
467565,1,1,60,1,Artist,0.0,0,3.0,6
467569,1,0,19,0,Healthcare,,0,4.0,6
467570,1,0,18,0,Healthcare,14.0,0,,6
467576,1,1,48,1,Doctor,1.0,1,3.0,6
467579,1,0,35,1,Doctor,5.0,0,1.0,6
467580,1,0,27,1,Doctor,,0,3.0,6
467588,1,1,60,1,Artist,0.0,1,4.0,6
467589,1,0,32,0,Entertainment,0.0,0,1.0,6
467592,1,1,40,1,Entertainment,7.0,0,2.0,6
467595,0,0,25,1,Healthcare,0.0,0,1.0,6
467596,1,1,42,0,Artist,1.0,0,5.0,3
467604,1,0,26,0,Healthcare,8.0,0,8.0,4
467608,1,0,27,1,Engineer,6.0,0,1.0,6
467609,1,0,42,0,Artist,2.0,0,4.0,6
467610,0,1,77,1,Lawyer,4.0,0,1.0,6
467612,1,1,70,1,Executive,0.0,0,,7
467614,1,1,36,0,Artist,4.0,1,2.0,6
467620,1,1,57,1,Lawyer,6.0,0,3.0,6
467621,1,1,76,1,Lawyer,1.0,0,1.0,6
467623,1,1,77,1,,0.0,2,2.0,6
467629,1,1,52,1,Artist,1.0,0,1.0,6
467635,0,0,35,1,Artist,9.0,0,1.0,6
467641,1,1,43,1,Doctor,9.0,1,2.0,6
467643,1,0,43,1,Artist,14.0,0,1.0,3
467654,0,1,62,1,Artist,,2,4.0,6
467657,1,0,21,0,Healthcare,0.0,0,4.0,3
467658,1,0,23,0,Healthcare,0.0,0,4.0,3
467659,1,1,65,1,Entertainment,0.0,1,2.0,6
467664,1,1,35,1,Executive,4.0,2,4.0,6
467666,1,1,48,1,Executive,4.0,2,3.0,6
467667,1,1,33,0,Doctor,9.0,0,2.0,6
467669,1,1,82,0,Lawyer,1.0,2,2.0,6
467673,1,1,45,0,Executive,1.0,2,4.0,6
467678,1,0,56,0,Marketing,1.0,0,2.0,6
467679,0,1,49,1,Artist,,1,4.0,2
467683,1,1,30,1,Healthcare,8.0,2,3.0,2
467684,1,0,37,1,Healthcare,8.0,0,3.0,2
467685,1,1,51,0,Marketing,0.0,2,6.0,4
467693,1,1,59,1,Entertainment,5.0,2,5.0,6
467694,1,1,56,1,Executive,0.0,2,2.0,6
467699,0,1,29,1,Doctor,0.0,1,2.0,4
467705,1,1,31,1,Artist,,0,2.0,6
467706,0,1,35,1,Artist,,1,4.0,6
467707,1,1,89,1,Lawyer,7.0,2,2.0,6
467710,0,0,38,1,Artist,9.0,0,4.0,6
467715,1,1,45,1,Executive,4.0,2,3.0,6
467721,1,0,37,1,Entertainment,0.0,0,1.0,4
467723,1,1,74,0,Executive,1.0,0,7.0,6
467726,1,1,82,1,Lawyer,0.0,2,2.0,6
467727,1,1,53,1,Artist,7.0,2,4.0,3
467728,0,1,43,0,Engineer,0.0,2,5.0,6
467729,1,1,62,1,Entertainment,2.0,1,6.0,6
467733,1,1,56,0,Executive,8.0,2,3.0,6
467734,1,1,88,1,Lawyer,3.0,2,2.0,6
467735,1,0,28,1,Doctor,0.0,0,2.0,6
467737,0,1,51,1,Entertainment,5.0,1,2.0,6
467739,0,1,60,0,Artist,0.0,1,4.0,6
467740,1,0,19,0,Healthcare,0.0,0,3.0,6
467741,1,0,23,0,Healthcare,1.0,0,3.0,4
467749,1,0,20,0,Healthcare,0.0,0,9.0,7
467763,0,0,50,1,Artist,1.0,0,1.0,2
467767,0,0,21,0,Marketing,4.0,0,4.0,6
467768,1,1,62,1,Doctor,0.0,1,2.0,6
467769,0,0,36,1,Doctor,1.0,0,1.0,3
467772,0,0,31,0,Marketing,0.0,0,2.0,6
467779,1,1,52,1,Doctor,4.0,1,3.0,6
467789,1,0,20,0,Healthcare,1.0,0,5.0,6
467798,0,0,23,0,,,0,2.0,6
467802,0,1,48,1,Artist,1.0,2,5.0,6
467803,0,1,40,1,Entertainment,6.0,1,2.0,6
467806,1,1,55,1,Artist,1.0,2,2.0,6
467808,0,1,62,1,Artist,1.0,1,2.0,6
467812,1,0,48,1,Artist,0.0,0,1.0,2
467813,1,1,36,1,Entertainment,1.0,0,2.0,4
467815,0,1,73,1,Artist,0.0,0,2.0,6
467825,0,0,23,0,Marketing,0.0,0,8.0,6
467828,0,1,25,1,Artist,0.0,1,2.0,2
467838,1,1,60,1,Artist,0.0,1,2.0,6
467848,1,0,37,1,Artist,14.0,0,1.0,6
467849,0,1,39,1,Doctor,0.0,0,1.0,2
467852,0,0,39,1,Artist,12.0,0,1.0,6
467856,1,1,58,1,Artist,0.0,0,2.0,6
467860,0,0,33,1,Entertainment,0.0,0,1.0,7
467861,0,0,29,0,Artist,,0,4.0,4
467864,0,1,66,1,Lawyer,1.0,2,2.0,6
467865,0,0,40,1,Artist,2.0,0,1.0,4
467868,0,1,66,1,Entertainment,0.0,2,2.0,6
467876,0,1,50,1,Artist,9.0,2,2.0,6
467879,0,1,51,1,Artist,,2,4.0,6
467880,0,1,50,1,Artist,0.0,1,2.0,6
467882,0,0,39,1,Artist,1.0,0,1.0,6
467883,0,1,46,1,Artist,0.0,1,2.0,6
467888,1,0,29,0,Doctor,0.0,0,4.0,6
467891,0,0,29,1,Doctor,0.0,0,5.0,6
467892,1,0,23,0,Doctor,1.0,0,5.0,6
467894,1,1,57,1,Artist,1.0,1,2.0,6
467895,0,0,31,1,Healthcare,1.0,0,4.0,6
467898,0,1,69,1,Artist,1.0,0,1.0,6
467901,0,0,28,1,Entertainment,0.0,0,4.0,6
467904,0,0,31,1,Artist,14.0,0,1.0,6
467905,1,1,37,1,Executive,0.0,2,3.0,6
467911,1,1,58,1,Healthcare,0.0,0,4.0,6
467913,1,1,48,1,Artist,3.0,0,1.0,6
467915,0,0,18,0,Doctor,1.0,0,4.0,6
467917,0,0,27,1,Healthcare,2.0,0,4.0,1
467927,1,0,30,1,Doctor,8.0,0,6.0,2
467929,0,1,36,1,Artist,1.0,1,2.0,6
467930,1,1,45,1,Entertainment,4.0,1,2.0,6
467932,0,0,26,0,Healthcare,1.0,0,4.0,6
467933,0,0,23,0,Healthcare,0.0,0,3.0,6
467934,0,0,42,1,Artist,0.0,0,1.0,6
467938,1,1,46,1,Entertainment,5.0,0,1.0,2
467940,0,0,27,0,Marketing,8.0,0,4.0,2
467946,0,1,42,1,Artist,0.0,0,2.0,6
467948,0,0,19,0,Healthcare,0.0,0,3.0,6
467949,1,0,21,0,Healthcare,1.0,0,4.0,4
467950,0,0,35,1,Entertainment,1.0,0,2.0,6
467954,1,0,29,0,Healthcare,9.0,0,4.0,6
467958,0,0,35,1,Doctor,1.0,0,1.0,6
467960,0,0,53,1,Entertainment,,0,2.0,6
467961,1,1,47,1,Executive,1.0,2,5.0,4
467968,0,0,43,1,Healthcare,9.0,0,3.0,7
